Vehicle Type,Number,Shipments_Capacity,Max Trip Radius (in KM),Source_Sheet,Shipment ID,Latitude,Longitude,Delivery Timeslot,Latitute
3W,50,5.0,15,Vehicle_Information,,,,,
4W-EV,25,8.0,20,Vehicle_Information,,,,,
4W,Any,25.0,Any,Vehicle_Information,,,,,
,,,,Shipments_Data,1.0,19.0802676,72.850804,09:30:00-12:00:00,
,,,,Shipments_Data,2.0,19.1121104,72.8983546,09:30:00-12:00:00,
,,,,Shipments_Data,3.0,19.0581451,72.8343773,07:00:00-09:30:00,
,,,,Shipments_Data,4.0,19.176505,72.962189,12:00:00-14:30:00,
,,,,Shipments_Data,5.0,19.1489669,72.9316651,09:30:00-12:00:00,
,,,,Shipments_Data,6.0,19.0719625,72.8347505,09:30:00-12:00:00,
,,,,Shipments_Data,7.0,19.119317,72.8626863,07:00:00-09:30:00,
,,,,Shipments_Data,8.0,19.032864,72.8384975,07:00:00-09:30:00,
,,,,Shipments_Data,9.0,19.0563572,72.8480885,09:30:00-12:00:00,
,,,,Shipments_Data,10.0,19.1580355,72.93586,09:30:00-12:00:00,
,,,,Shipments_Data,11.0,19.0729225,72.8271533,09:30:00-12:00:00,
,,,,Shipments_Data,12.0,18.9340553,72.8251844,09:30:00-12:00:00,
,,,,Shipments_Data,13.0,19.1266465,72.8623675,09:30:00-12:00:00,
,,,,Shipments_Data,14.0,18.9168702,72.8179261,09:30:00-12:00:00,
,,,,Shipments_Data,15.0,19.0061164,72.8288361,09:30:00-12:00:00,
,,,,Shipments_Data,16.0,19.1157872,72.9065853,09:30:00-12:00:00,
,,,,Shipments_Data,17.0,19.117864,72.8678007,09:30:00-12:00:00,
,,,,Shipments_Data,18.0,18.9615119,72.8012392,09:30:00-12:00:00,
,,,,Shipments_Data,19.0,19.1055237,72.8977257,07:00:00-09:30:00,
,,,,Shipments_Data,21.0,19.0538215,72.823774,09:30:00-12:00:00,
,,,,Shipments_Data,22.0,19.0158953,72.8374448,09:30:00-12:00:00,
,,,,Shipments_Data,23.0,19.0070794,72.8251896,07:00:00-09:30:00,
,,,,Shipments_Data,24.0,19.1334302,72.9132679,07:00:00-09:30:00,
,,,,Shipments_Data,25.0,19.1355088,72.9083972,07:00:00-09:30:00,
,,,,Shipments_Data,26.0,19.0135319,72.832831,09:30:00-12:00:00,
,,,,Shipments_Data,27.0,18.9954236,72.8218266,07:00:00-09:30:00,
,,,,Shipments_Data,28.0,18.9670056,72.8479262,07:00:00-09:30:00,
,,,,Shipments_Data,29.0,18.9627487,72.8015339,07:00:00-09:30:00,
,,,,Shipments_Data,30.0,19.1217271,72.9391179,09:30:00-12:00:00,
,,,,Shipments_Data,31.0,19.0796575,72.8460627,07:00:00-09:30:00,
,,,,Shipments_Data,32.0,19.1451058,72.9350113,09:30:00-12:00:00,
,,,,Shipments_Data,33.0,18.9525781,72.8274072,09:30:00-12:00:00,
,,,,Shipments_Data,34.0,19.1169937,72.891654,09:30:00-12:00:00,
,,,,Shipments_Data,35.0,19.144887,72.936119,07:00:00-09:30:00,
,,,,Shipments_Data,36.0,19.1584893,72.9473908,09:30:00-12:00:00,
,,,,Shipments_Data,37.0,19.1148142,72.9021181,09:30:00-12:00:00,
,,,,Shipments_Data,38.0,19.05558592,72.83201423,09:30:00-12:00:00,
,,,,Shipments_Data,39.0,19.0078015,72.8339686,07:00:00-09:30:00,
,,,,Shipments_Data,40.0,19.0541566,72.8284091,09:30:00-12:00:00,
,,,,Shipments_Data,42.0,18.9708511,72.835739,09:30:00-12:00:00,
,,,,Shipments_Data,43.0,19.0587,72.8291,07:00:00-09:30:00,
,,,,Shipments_Data,44.0,19.1163776,72.8479064,07:00:00-09:30:00,
,,,,Shipments_Data,45.0,18.9839617,72.8367054,09:30:00-12:00:00,
,,,,Shipments_Data,46.0,19.133649,72.897329,09:30:00-12:00:00,
,,,,Shipments_Data,47.0,19.1176258,72.9327686,07:00:00-09:30:00,
,,,,Shipments_Data,49.0,19.1202729,72.9379362,07:00:00-09:30:00,
,,,,Shipments_Data,50.0,19.1280021,72.8682474,07:00:00-09:30:00,
,,,,Shipments_Data,52.0,19.11011,72.8496466,07:00:00-09:30:00,
,,,,Shipments_Data,53.0,19.1699328,72.9361866,12:00:00-14:30:00,
,,,,Shipments_Data,54.0,19.123245,72.855779,07:00:00-09:30:00,
,,,,Shipments_Data,55.0,18.9571006,72.8076248,09:30:00-12:00:00,
,,,,Shipments_Data,56.0,19.0683937,72.8338003,09:30:00-12:00:00,
,,,,Shipments_Data,57.0,19.1162675,72.9026601,09:30:00-12:00:00,
,,,,Shipments_Data,58.0,19.0790368,72.8943565,07:00:00-09:30:00,
,,,,Shipments_Data,59.0,18.9507986,72.8379268,09:30:00-12:00:00,
,,,,Shipments_Data,60.0,18.9661321,72.8388506,09:30:00-12:00:00,
,,,,Shipments_Data,61.0,19.1086151,72.8896424,07:00:00-09:30:00,
,,,,Shipments_Data,62.0,19.067972,72.8236505,09:30:00-12:00:00,
,,,,Shipments_Data,63.0,19.1213278,72.8977435,09:30:00-12:00:00,
,,,,Shipments_Data,64.0,19.0984543,72.8451715,09:30:00-12:00:00,
,,,,Shipments_Data,65.0,19.1166397,72.9036407,09:30:00-12:00:00,
,,,,Shipments_Data,66.0,19.1718719,72.9620689,09:30:00-12:00:00,
,,,,Shipments_Data,67.0,19.1279466,72.9294411,09:30:00-12:00:00,
,,,,Shipments_Data,68.0,19.1296061,72.9337365,12:00:00-14:30:00,
,,,,Shipments_Data,69.0,19.1142532,72.8505088,09:30:00-12:00:00,
,,,,Shipments_Data,70.0,19.1793329,72.9410737,12:00:00-14:30:00,
,,,,Shipments_Data,71.0,19.1727004,72.9599617,07:00:00-09:30:00,
,,,,Shipments_Data,72.0,19.1772234,72.9658659,12:00:00-14:30:00,
,,,,Shipments_Data,73.0,19.14574,72.933206,07:00:00-09:30:00,
,,,,Shipments_Data,74.0,19.1793711,72.9416254,12:00:00-14:30:00,
,,,,Shipments_Data,75.0,19.1287657,72.8581309,09:30:00-12:00:00,
,,,,Shipments_Data,76.0,19.002052,72.8128226,09:30:00-12:00:00,
,,,,Shipments_Data,77.0,18.9527479,72.8025218,09:30:00-12:00:00,
,,,,Shipments_Data,78.0,18.948274,72.7948228,09:30:00-12:00:00,
,,,,Shipments_Data,79.0,19.1827834,72.9489826,09:30:00-12:00:00,
,,,,Shipments_Data,80.0,19.0246935,72.8356583,09:30:00-12:00:00,
,,,,Shipments_Data,81.0,18.9936241,72.8312227,09:30:00-12:00:00,
,,,,Shipments_Data,82.0,19.1353612,72.9175356,09:30:00-12:00:00,
,,,,Shipments_Data,84.0,18.953859,72.8213132,07:00:00-09:30:00,
,,,,Shipments_Data,85.0,19.0642209,72.829602,07:00:00-09:30:00,
,,,,Shipments_Data,86.0,19.1263343,72.8590928,07:00:00-09:30:00,
,,,,Shipments_Data,87.0,19.16496,72.966523,07:00:00-09:30:00,
,,,,Shipments_Data,88.0,19.0317118,72.8387162,07:00:00-09:30:00,
,,,,Shipments_Data,89.0,18.9882143,72.836759,09:30:00-12:00:00,
,,,,Shipments_Data,90.0,19.1080173,72.9285956,07:00:00-09:30:00,
,,,,Shipments_Data,91.0,19.1644244,72.9397357,12:00:00-14:30:00,
,,,,Shipments_Data,92.0,18.9550163,72.8159822,09:30:00-12:00:00,
,,,,Shipments_Data,93.0,19.0597613,72.829669,09:30:00-12:00:00,
,,,,Shipments_Data,94.0,19.0173805,72.8280213,09:30:00-12:00:00,
,,,,Shipments_Data,95.0,19.1676553,72.9431362,09:30:00-12:00:00,
,,,,Shipments_Data,96.0,19.1132724,72.9336999,07:00:00-09:30:00,
,,,,Shipments_Data,97.0,19.095972,72.9190974,12:00:00-14:30:00,
,,,,Shipments_Data,98.0,18.9545952,72.8332679,09:30:00-12:00:00,
,,,,Shipments_Data,99.0,18.9395284,72.8244265,07:00:00-09:30:00,
,,,,Shipments_Data,100.0,19.0433284,72.844511,09:30:00-12:00:00,
,,,,Shipments_Data,101.0,19.168123,72.930923,07:00:00-09:30:00,
,,,,Shipments_Data,102.0,19.1110884,72.8476246,09:30:00-12:00:00,
,,,,Shipments_Data,103.0,18.9229368,72.8304999,09:30:00-12:00:00,
,,,,Shipments_Data,104.0,19.0632799,72.8510402,09:30:00-12:00:00,
,,,,Shipments_Data,105.0,19.0966611,72.9239095,07:00:00-09:30:00,
,,,,Shipments_Data,106.0,19.0580702,72.825353,09:30:00-12:00:00,
,,,,Shipments_Data,107.0,19.1633396,72.9486403,12:00:00-14:30:00,
,,,,Shipments_Data,108.0,19.1156661,72.9016387,09:30:00-12:00:00,
,,,,Shipments_Data,109.0,19.1667612,72.9373826,07:00:00-09:30:00,
,,,,Shipments_Data,110.0,19.1666325,72.9610995,12:00:00-14:30:00,
,,,,Shipments_Data,111.0,19.1227164,72.9413159,07:00:00-09:30:00,
,,,,Shipments_Data,112.0,19.1568876,72.9406174,07:00:00-09:30:00,
,,,,Shipments_Data,113.0,19.016758,72.8245412,09:30:00-12:00:00,
,,,,Shipments_Data,114.0,19.1171265,72.9269493,09:30:00-12:00:00,
,,,,Shipments_Data,115.0,19.1366448,72.9320748,07:00:00-09:30:00,
,,,,Shipments_Data,116.0,19.1112306,72.9016474,07:00:00-09:30:00,
,,,,Shipments_Data,117.0,19.112069,72.934898,09:30:00-12:00:00,
,,,,Shipments_Data,118.0,18.977982,72.831399,07:00:00-09:30:00,
,,,,Shipments_Data,119.0,19.1087655,72.8897596,09:30:00-12:00:00,
,,,,Shipments_Data,120.0,19.1475358,72.9394553,12:00:00-14:30:00,
,,,,Shipments_Data,121.0,19.0169774,72.8181606,09:30:00-12:00:00,
,,,,Shipments_Data,122.0,19.0494252,72.8269687,09:30:00-12:00:00,
,,,,Shipments_Data,123.0,18.9166879,72.8185105,07:00:00-09:30:00,
,,,,Shipments_Data,124.0,19.1024822,72.8521154,09:30:00-12:00:00,
,,,,Shipments_Data,125.0,19.1059471,72.8992222,09:30:00-12:00:00,
,,,,Shipments_Data,126.0,19.1125466,72.8986641,09:30:00-12:00:00,
,,,,Shipments_Data,127.0,18.9529229,72.8017963,07:00:00-09:30:00,
,,,,Shipments_Data,128.0,18.9655756,72.8054145,07:00:00-09:30:00,
,,,,Shipments_Data,129.0,19.1844614,72.9480652,09:30:00-12:00:00,
,,,,Shipments_Data,130.0,19.1707705,72.9314765,09:30:00-12:00:00,
,,,,Shipments_Data,131.0,18.9638853,72.8130975,07:00:00-09:30:00,
,,,,Shipments_Data,132.0,18.9690339,72.8121276,09:30:00-12:00:00,
,,,,Shipments_Data,133.0,19.1654169,72.9350986,09:30:00-12:00:00,
,,,,Shipments_Data,134.0,19.0180039,72.8374638,07:00:00-09:30:00,
,,,,Shipments_Data,135.0,18.9537588,72.822857,09:30:00-12:00:00,
,,,,Shipments_Data,136.0,18.9428694,72.8284227,07:00:00-09:30:00,
,,,,Shipments_Data,137.0,19.0577293,72.8306389,09:30:00-12:00:00,
,,,,Shipments_Data,138.0,19.1187518,72.9374227,12:00:00-14:30:00,
,,,,Shipments_Data,139.0,19.0590047,72.8258278,07:00:00-09:30:00,
,,,,Shipments_Data,140.0,19.0791633,72.8502606,09:30:00-12:00:00,
,,,,Shipments_Data,141.0,18.9968193,72.8289074,09:30:00-12:00:00,
,,,,Shipments_Data,142.0,19.1729479,72.9422984,09:30:00-12:00:00,
,,,,Shipments_Data,143.0,19.118899,72.908275,09:30:00-12:00:00,
,,,,Shipments_Data,144.0,18.989525,72.813483,09:30:00-12:00:00,
,,,,Shipments_Data,145.0,19.071048,72.8389154,07:00:00-09:30:00,
,,,,Shipments_Data,146.0,19.1634261,72.9404161,09:30:00-12:00:00,
,,,,Shipments_Data,147.0,18.9503045,72.8268103,07:00:00-09:30:00,
,,,,Shipments_Data,148.0,19.0635102,72.8587684,09:30:00-12:00:00,
,,,,Shipments_Data,149.0,19.0480705,72.8217063,07:00:00-09:30:00,
,,,,Shipments_Data,150.0,18.9709449,72.8175625,09:30:00-12:00:00,
,,,,Shipments_Data,151.0,19.114211,72.847538,07:00:00-09:30:00,
,,,,Shipments_Data,152.0,19.1627653,72.9433114,07:00:00-09:30:00,
,,,,Shipments_Data,153.0,18.9681028,72.819329,07:00:00-09:30:00,
,,,,Shipments_Data,154.0,18.9527866,72.8231027,07:00:00-09:30:00,
,,,,Shipments_Data,155.0,19.179552,72.9384207,09:30:00-12:00:00,
,,,,Shipments_Data,156.0,19.1060492,72.8972705,09:30:00-12:00:00,
,,,,Shipments_Data,157.0,19.0780334,72.8591722,09:30:00-12:00:00,
,,,,Shipments_Data,158.0,19.1374256,72.8679812,07:00:00-09:30:00,
,,,,Shipments_Data,159.0,18.9800925,72.830641,07:00:00-09:30:00,
,,,,Shipments_Data,160.0,19.1237078,72.9087982,07:00:00-09:30:00,
,,,,Shipments_Data,162.0,19.0585139,72.8246053,07:00:00-09:30:00,
,,,,Shipments_Data,163.0,19.0880572,72.9033764,09:30:00-12:00:00,
,,,,Shipments_Data,164.0,19.1799645,72.941376,09:30:00-12:00:00,
,,,,Shipments_Data,165.0,18.9756477,72.8304768,09:30:00-12:00:00,
,,,,Shipments_Data,166.0,19.1636769,72.9550774,09:30:00-12:00:00,
,,,,Shipments_Data,167.0,19.1348219,72.9246478,09:30:00-12:00:00,
,,,,Shipments_Data,168.0,19.052097,72.8284615,07:00:00-09:30:00,
,,,,Shipments_Data,169.0,18.96618,72.807147,07:00:00-09:30:00,
,,,,Shipments_Data,171.0,19.10032,72.892764,09:30:00-12:00:00,
,,,,Shipments_Data,172.0,19.1718719,72.9620689,09:30:00-12:00:00,
,,,,Shipments_Data,173.0,19.0360849,72.8476343,09:30:00-12:00:00,
,,,,Shipments_Data,174.0,19.1499926,72.9484543,09:30:00-12:00:00,
,,,,Shipments_Data,175.0,18.9586822,72.81598,09:30:00-12:00:00,
,,,,Shipments_Data,176.0,19.1658511,72.943561,07:00:00-09:30:00,
,,,,Shipments_Data,177.0,19.1176258,72.9327686,12:00:00-14:30:00,
,,,,Shipments_Data,178.0,18.9586822,72.81598,09:30:00-12:00:00,
,,,,Shipments_Data,179.0,19.1652721,72.9575737,12:00:00-14:30:00,
,,,,Shipments_Data,180.0,19.1296796,72.938836,07:00:00-09:30:00,
,,,,Shipments_Data,181.0,19.1205346,72.8953297,09:30:00-12:00:00,
,,,,Shipments_Data,182.0,19.1680152,72.9477286,09:30:00-12:00:00,
,,,,Shipments_Data,183.0,19.1155493,72.937586,07:00:00-09:30:00,
,,,,Shipments_Data,184.0,19.0031932,72.8192367,07:00:00-09:30:00,
,,,,Shipments_Data,185.0,19.096712,72.917498,07:00:00-09:30:00,
,,,,Shipments_Data,186.0,18.958093,72.8151644,07:00:00-09:30:00,
,,,,Shipments_Data,187.0,19.0762394,72.8620597,07:00:00-09:30:00,
,,,,Shipments_Data,188.0,18.9568655,72.8229296,07:00:00-09:30:00,
,,,,Shipments_Data,189.0,19.1604057,72.9445323,09:30:00-12:00:00,
,,,,Shipments_Data,190.0,19.1570375,72.9377903,07:00:00-09:30:00,
,,,,Shipments_Data,191.0,18.9662452,72.8409305,09:30:00-12:00:00,
,,,,Shipments_Data,192.0,19.0391696,72.8424363,09:30:00-12:00:00,
,,,,Shipments_Data,193.0,19.1817977,72.9480867,09:30:00-12:00:00,
,,,,Shipments_Data,194.0,19.0290618,72.8391144,07:00:00-09:30:00,
,,,,Shipments_Data,195.0,18.9955074,72.8313497,07:00:00-09:30:00,
,,,,Shipments_Data,196.0,18.9970685,72.8273502,07:00:00-09:30:00,
,,,,Shipments_Data,197.0,19.0180505,72.8524941,07:00:00-09:30:00,
,,,,Shipments_Data,198.0,19.0789256,72.8579938,07:00:00-09:30:00,
,,,,Shipments_Data,199.0,19.126152,72.921528,12:00:00-14:30:00,
,,,,Shipments_Data,200.0,19.0111029,72.8465407,09:30:00-12:00:00,
,,,,Shipments_Data,201.0,19.0043331,72.8236682,07:00:00-09:30:00,
,,,,Shipments_Data,202.0,19.169336,72.9454199,09:30:00-12:00:00,
,,,,Shipments_Data,203.0,19.1117627,72.8607176,09:30:00-12:00:00,
,,,,Shipments_Data,205.0,18.9774653,72.8249783,09:30:00-12:00:00,
,,,,Shipments_Data,206.0,19.0070388,72.8400779,07:00:00-09:30:00,
,,,,Shipments_Data,207.0,19.1195894,72.9320419,12:00:00-14:30:00,
,,,,Shipments_Data,208.0,18.9569807,72.8205984,09:30:00-12:00:00,
,,,,Shipments_Data,209.0,19.1209514,72.9292388,09:30:00-12:00:00,
,,,,Shipments_Data,210.0,19.0801659,72.8504035,09:30:00-12:00:00,
,,,,Shipments_Data,211.0,19.1584893,72.9473908,09:30:00-12:00:00,
,,,,Shipments_Data,212.0,19.1762795,72.9426601,07:00:00-09:30:00,
,,,,Shipments_Data,213.0,19.1020767,72.9128351,07:00:00-09:30:00,
,,,,Shipments_Data,214.0,19.1707705,72.9314765,09:30:00-12:00:00,
,,,,Shipments_Data,216.0,19.1684567,72.9376994,09:30:00-12:00:00,
,,,,Shipments_Data,217.0,18.9641182,72.8043259,07:00:00-09:30:00,
,,,,Shipments_Data,218.0,19.1634261,72.9404161,09:30:00-12:00:00,
,,,,Shipments_Data,219.0,19.1688274,72.9671406,07:00:00-09:30:00,
,,,,Shipments_Data,220.0,19.1005387,72.9151206,09:30:00-12:00:00,
,,,,Shipments_Data,221.0,19.046729,72.8408395,07:00:00-09:30:00,
,,,,Shipments_Data,222.0,18.9351316,72.8267589,09:30:00-12:00:00,
,,,,Shipments_Data,223.0,18.9679787,72.8081798,07:00:00-09:30:00,
,,,,Shipments_Data,224.0,19.107932,72.9290773,09:30:00-12:00:00,
,,,,Shipments_Data,226.0,19.0445947,72.8225731,07:00:00-09:30:00,
,,,,Shipments_Data,227.0,19.0203229,72.8480631,07:00:00-09:30:00,
,,,,Shipments_Data,229.0,19.1779811,72.9589748,09:30:00-12:00:00,
,,,,Shipments_Data,230.0,19.0216427,72.8501402,09:30:00-12:00:00,
,,,,Shipments_Data,231.0,18.9926573,72.841859,09:30:00-12:00:00,
,,,,Shipments_Data,232.0,19.1202984,72.8991406,12:00:00-14:30:00,
,,,,Shipments_Data,234.0,19.1807445,72.9467345,09:30:00-12:00:00,
,,,,Shipments_Data,235.0,19.1372313,72.8691211,09:30:00-12:00:00,
,,,,Shipments_Data,236.0,19.0996072,72.8492878,07:00:00-09:30:00,
,,,,Shipments_Data,237.0,19.1661467,72.9392489,12:00:00-14:30:00,
,,,,Shipments_Data,238.0,19.0005802,72.825899,09:30:00-12:00:00,
,,,,Shipments_Data,239.0,19.0938163,72.9121661,09:30:00-12:00:00,
,,,,Shipments_Data,240.0,19.149356,72.9368109,09:30:00-12:00:00,
,,,,Shipments_Data,241.0,19.0188693,72.8516181,07:00:00-09:30:00,
,,,,Shipments_Data,242.0,19.108206,72.847664,07:00:00-09:30:00,
,,,,Shipments_Data,243.0,19.0183243,72.8264853,09:30:00-12:00:00,
,,,,Shipments_Data,244.0,19.0090749,72.8165024,09:30:00-12:00:00,
,,,,Shipments_Data,245.0,18.967083,72.816759,07:00:00-09:30:00,
,,,,Shipments_Data,246.0,18.9854394,72.834562,07:00:00-09:30:00,
,,,,Shipments_Data,247.0,19.0988126,72.9181878,12:00:00-14:30:00,
,,,,Shipments_Data,248.0,19.0140901,72.8345965,09:30:00-12:00:00,
,,,,Shipments_Data,249.0,18.9529229,72.8017963,09:30:00-12:00:00,
,,,,Shipments_Data,250.0,19.1336618,72.9370135,09:30:00-12:00:00,
,,,,Shipments_Data,251.0,19.1060174,72.8999606,09:30:00-12:00:00,
,,,,Shipments_Data,252.0,19.1468076,72.9279059,09:30:00-12:00:00,
,,,,Shipments_Data,253.0,19.0110391,72.8438714,07:00:00-09:30:00,
,,,,Shipments_Data,254.0,18.9580749,72.8281998,09:30:00-12:00:00,
,,,,Shipments_Data,255.0,19.0051407,72.84036,07:00:00-09:30:00,
,,,,Shipments_Data,256.0,18.973947,72.8250289,09:30:00-12:00:00,
,,,,Shipments_Data,257.0,19.0101876,72.8243908,09:30:00-12:00:00,
,,,,Shipments_Data,258.0,19.1076133,72.8992184,09:30:00-12:00:00,
,,,,Shipments_Data,259.0,19.1076133,72.8992184,09:30:00-12:00:00,
,,,,Shipments_Data,260.0,19.0922401,72.9212571,07:00:00-09:30:00,
,,,,Shipments_Data,261.0,19.0358534,72.8386008,09:30:00-12:00:00,
,,,,Shipments_Data,262.0,19.0975436,72.8487324,09:30:00-12:00:00,
,,,,Shipments_Data,263.0,19.170457,72.9602813,07:00:00-09:30:00,
,,,,Shipments_Data,264.0,19.0643686,72.8254915,09:30:00-12:00:00,
,,,,Shipments_Data,266.0,19.1077368,72.898207,09:30:00-12:00:00,
,,,,Shipments_Data,267.0,19.1719928,72.9496323,09:30:00-12:00:00,
,,,,Shipments_Data,268.0,18.9897914,72.8126423,07:00:00-09:30:00,
,,,,Shipments_Data,269.0,19.0786148,72.865902,09:30:00-12:00:00,
,,,,Shipments_Data,270.0,19.0883805,72.9071528,12:00:00-14:30:00,
,,,,Shipments_Data,271.0,19.0229917,72.8367532,07:00:00-09:30:00,
,,,,Shipments_Data,272.0,19.0577002,72.8504402,09:30:00-12:00:00,
,,,,Shipments_Data,273.0,18.9553223,72.8166054,09:30:00-12:00:00,
,,,,Shipments_Data,274.0,18.9800925,72.830641,07:00:00-09:30:00,
,,,,Shipments_Data,275.0,19.1147031,72.9050153,07:00:00-09:30:00,
,,,,Shipments_Data,276.0,19.051638,72.8314355,09:30:00-12:00:00,
,,,,Shipments_Data,277.0,19.1759618,72.9521987,09:30:00-12:00:00,
,,,,Shipments_Data,278.0,19.0539448,72.8234292,09:30:00-12:00:00,
,,,,Shipments_Data,279.0,19.074682,72.826516,07:00:00-09:30:00,
,,,,Shipments_Data,280.0,19.0179382,72.8458735,09:30:00-12:00:00,
,,,,Shipments_Data,281.0,19.1360651,72.9300465,09:30:00-12:00:00,
,,,,Shipments_Data,282.0,19.1096837,72.921074,07:00:00-09:30:00,
,,,,Shipments_Data,283.0,19.1161007,72.9394127,09:30:00-12:00:00,
,,,,Shipments_Data,284.0,19.1334302,72.9132679,07:00:00-09:30:00,
,,,,Shipments_Data,285.0,18.9894347,72.8333849,07:00:00-09:30:00,
,,,,Shipments_Data,286.0,19.1112306,72.9016474,09:30:00-12:00:00,
,,,,Shipments_Data,287.0,18.9487128,72.7976398,07:00:00-09:30:00,
,,,,Shipments_Data,288.0,19.0203686,72.8370136,07:00:00-09:30:00,
,,,,Shipments_Data,289.0,18.9993051,72.8467938,09:30:00-12:00:00,
,,,,Shipments_Data,290.0,18.9588848,72.8113759,09:30:00-12:00:00,
,,,,Shipments_Data,291.0,19.112754,72.896646,09:30:00-12:00:00,
,,,,Shipments_Data,292.0,19.1597282,72.9443825,12:00:00-14:30:00,
,,,,Shipments_Data,293.0,19.0153155,72.8306435,07:00:00-09:30:00,
,,,,Shipments_Data,294.0,19.1264649,72.86396,07:00:00-09:30:00,
,,,,Shipments_Data,295.0,19.1003106,72.8858839,07:00:00-09:30:00,
,,,,Shipments_Data,296.0,19.1162675,72.9026601,07:00:00-09:30:00,
,,,,Shipments_Data,297.0,18.95131594,72.82976179,07:00:00-09:30:00,
,,,,Shipments_Data,298.0,19.1291052,72.8588363,09:30:00-12:00:00,
,,,,Shipments_Data,299.0,19.1080173,72.9285956,09:30:00-12:00:00,
,,,,Shipments_Data,300.0,18.9733444,72.8319508,09:30:00-12:00:00,
,,,,Shipments_Data,301.0,19.0039876,72.8290272,07:00:00-09:30:00,
,,,,Shipments_Data,302.0,19.139093,72.8654736,07:00:00-09:30:00,
,,,,Shipments_Data,303.0,19.1125466,72.8986641,07:00:00-09:30:00,
,,,,Shipments_Data,304.0,19.0757842,72.8499247,09:30:00-12:00:00,
,,,,Shipments_Data,305.0,19.1640548,72.9480392,09:30:00-12:00:00,
,,,,Shipments_Data,306.0,18.9965965,72.8264245,09:30:00-12:00:00,
,,,,Shipments_Data,307.0,19.0750576,72.8593336,09:30:00-12:00:00,
,,,,Shipments_Data,308.0,19.083762,72.9015123,09:30:00-12:00:00,
,,,,Shipments_Data,309.0,19.0261934,72.8508568,09:30:00-12:00:00,
,,,,Shipments_Data,310.0,18.9921457,72.846563,09:30:00-12:00:00,
,,,,Shipments_Data,311.0,19.1653092,72.9359359,09:30:00-12:00:00,
,,,,Shipments_Data,312.0,19.1584893,72.9473908,07:00:00-09:30:00,
,,,,Shipments_Data,313.0,19.1653092,72.9359359,07:00:00-09:30:00,
,,,,Shipments_Data,314.0,19.1087484,72.8895701,09:30:00-12:00:00,
,,,,Shipments_Data,315.0,18.9710787,72.8155851,09:30:00-12:00:00,
,,,,Shipments_Data,316.0,19.0965656,72.8520986,09:30:00-12:00:00,
,,,,Shipments_Data,317.0,19.1784492,72.9559267,09:30:00-12:00:00,
,,,,Shipments_Data,318.0,19.1332624,72.9377274,12:00:00-14:30:00,
,,,,Shipments_Data,319.0,18.9114636,72.8226738,07:00:00-09:30:00,
,,,,Shipments_Data,320.0,19.0462839,72.8426792,07:00:00-09:30:00,
,,,,Shipments_Data,321.0,19.0353161,72.8433708,09:30:00-12:00:00,
,,,,Shipments_Data,322.0,19.0367937,72.843676,07:00:00-09:30:00,
,,,,Shipments_Data,323.0,19.1680214,72.9517994,07:00:00-09:30:00,
,,,,Shipments_Data,324.0,19.1582706,72.9331377,12:00:00-14:30:00,
,,,,Shipments_Data,325.0,19.0173744,72.8473154,09:30:00-12:00:00,
,,,,Shipments_Data,326.0,18.9584446,72.8250652,07:00:00-09:30:00,
,,,,Shipments_Data,327.0,19.1013148,72.9115554,09:30:00-12:00:00,
,,,,Shipments_Data,328.0,18.9727845,72.8151393,09:30:00-12:00:00,
,,,,Shipments_Data,329.0,19.1232246,72.8952997,07:00:00-09:30:00,
,,,,Shipments_Data,330.0,18.9594901,72.8354693,09:30:00-12:00:00,
,,,,Shipments_Data,332.0,18.9630285,72.8133971,09:30:00-12:00:00,
,,,,Shipments_Data,333.0,19.0605737,72.8504402,12:00:00-14:30:00,
,,,,Shipments_Data,334.0,18.9691489,72.8232527,07:00:00-09:30:00,
,,,,Shipments_Data,335.0,19.0668086,72.8474986,09:30:00-12:00:00,
,,,,Shipments_Data,336.0,19.1629281,72.9546335,09:30:00-12:00:00,
,,,,Shipments_Data,337.0,19.1166102,72.8895219,09:30:00-12:00:00,
,,,,Shipments_Data,338.0,19.0661186,72.8259531,09:30:00-12:00:00,
,,,,Shipments_Data,339.0,19.0738649,72.8323232,09:30:00-12:00:00,
,,,,Shipments_Data,340.0,19.1189401,72.9088225,12:00:00-14:30:00,
,,,,Shipments_Data,341.0,19.1169937,72.891654,09:30:00-12:00:00,
,,,,Shipments_Data,342.0,19.1284957,72.8645942,09:30:00-12:00:00,
,,,,Shipments_Data,343.0,19.1863962,72.9421189,07:00:00-09:30:00,
,,,,Shipments_Data,344.0,18.993028,72.8390504,09:30:00-12:00:00,
,,,,Shipments_Data,345.0,19.1205346,72.8953297,07:00:00-09:30:00,
,,,,Shipments_Data,346.0,19.1191038,72.894722,09:30:00-12:00:00,
,,,,Shipments_Data,347.0,19.1004287,72.88607,09:30:00-12:00:00,
,,,,Shipments_Data,348.0,19.1154304,72.8875007,09:30:00-12:00:00,
,,,,Shipments_Data,349.0,18.9580749,72.8281998,09:30:00-12:00:00,
,,,,Shipments_Data,350.0,19.010747,72.8508366,09:30:00-12:00:00,
,,,,Shipments_Data,351.0,19.0155276,72.8273126,07:00:00-09:30:00,
,,,,Shipments_Data,352.0,19.1296111,72.9333539,09:30:00-12:00:00,
,,,,Shipments_Data,353.0,19.0131024,72.8202112,09:30:00-12:00:00,
,,,,Shipments_Data,354.0,19.1422902,72.9276008,09:30:00-12:00:00,
,,,,Shipments_Data,355.0,19.1659073,72.957117,09:30:00-12:00:00,
,,,,Shipments_Data,356.0,18.9802144,72.8281111,09:30:00-12:00:00,
,,,,Shipments_Data,357.0,18.9596946,72.8181206,07:00:00-09:30:00,
,,,,Shipments_Data,358.0,19.0727182,72.8586848,07:00:00-09:30:00,
,,,,Shipments_Data,359.0,19.1366448,72.9320748,07:00:00-09:30:00,
,,,,Shipments_Data,360.0,18.9932789,72.8377025,09:30:00-12:00:00,
,,,,Shipments_Data,361.0,19.1078193,72.8486041,09:30:00-12:00:00,
,,,,Shipments_Data,362.0,18.9903379,72.8423945,09:30:00-12:00:00,
,,,,Shipments_Data,363.0,19.1338734,72.9364394,09:30:00-12:00:00,
,,,,Shipments_Data,364.0,19.1163401,72.9012988,07:00:00-09:30:00,
,,,,Shipments_Data,365.0,19.1693933,72.9662767,09:30:00-12:00:00,
,,,,Shipments_Data,366.0,19.1171215,72.9255706,12:00:00-14:30:00,
,,,,Shipments_Data,367.0,19.1366448,72.9320748,07:00:00-09:30:00,
,,,,Shipments_Data,368.0,19.1118351,72.9279006,09:30:00-12:00:00,
,,,,Shipments_Data,369.0,19.1637145,72.9475455,09:30:00-12:00:00,
,,,,Shipments_Data,370.0,19.05188,72.823014,09:30:00-12:00:00,
,,,,Shipments_Data,371.0,19.0360861,72.8447675,09:30:00-12:00:00,
,,,,Shipments_Data,372.0,19.0043331,72.8236682,09:30:00-12:00:00,
,,,,Shipments_Data,373.0,19.0031298,72.8487785,07:00:00-09:30:00,
,,,,Shipments_Data,374.0,19.0816651,72.8558135,07:00:00-09:30:00,
,,,,Shipments_Data,375.0,18.9581147,72.8361804,09:30:00-12:00:00,
,,,,Shipments_Data,376.0,19.0875183,72.9097888,09:30:00-12:00:00,
,,,,Shipments_Data,377.0,19.1132344,72.9106338,09:30:00-12:00:00,
,,,,Shipments_Data,380.0,19.0696436,72.8363022,07:00:00-09:30:00,
,,,,Shipments_Data,381.0,19.170631,72.942946,07:00:00-09:30:00,
,,,,Shipments_Data,382.0,18.9796759,72.8149487,07:00:00-09:30:00,
,,,,Shipments_Data,383.0,19.1004287,72.88607,09:30:00-12:00:00,
,,,,Shipments_Data,384.0,19.075777,72.863439,07:00:00-09:30:00,
,,,,Shipments_Data,385.0,19.0378406,72.8469784,09:30:00-12:00:00,
,,,,Shipments_Data,386.0,19.1037851,72.9273209,09:30:00-12:00:00,
,,,,Shipments_Data,387.0,19.1784492,72.9559267,12:00:00-14:30:00,
,,,,Shipments_Data,388.0,19.1738841,72.9334075,09:30:00-12:00:00,
,,,,Shipments_Data,389.0,19.145196,72.9332931,09:30:00-12:00:00,
,,,,Shipments_Data,390.0,19.1063852,72.8978535,07:00:00-09:30:00,
,,,,Shipments_Data,391.0,19.0317118,72.8387162,09:30:00-12:00:00,
,,,,Shipments_Data,392.0,18.9733476,72.8166567,07:00:00-09:30:00,
,,,,Shipments_Data,393.0,19.142196,72.9308567,12:00:00-14:30:00,
,,,,Shipments_Data,394.0,19.109979,72.9222474,09:30:00-12:00:00,
,,,,Shipments_Data,395.0,19.0017462,72.8385782,07:00:00-09:30:00,
,,,,Shipments_Data,396.0,19.1454264,72.9343604,09:30:00-12:00:00,
,,,,Shipments_Data,397.0,18.9666196,72.8390795,09:30:00-12:00:00,
,,,,Shipments_Data,398.0,19.0742785,72.8681007,09:30:00-12:00:00,
,,,,Shipments_Data,399.0,18.9912356,72.8342292,07:00:00-09:30:00,
,,,,Shipments_Data,400.0,19.0602298,72.8526046,09:30:00-12:00:00,
,,,,Shipments_Data,401.0,19.1535487,72.9327975,12:00:00-14:30:00,
,,,,Shipments_Data,402.0,18.9491807,72.8283795,09:30:00-12:00:00,
,,,,Shipments_Data,403.0,19.0348104,72.8447702,07:00:00-09:30:00,
,,,,Shipments_Data,404.0,18.9651646,72.8140073,09:30:00-12:00:00,
,,,,Shipments_Data,405.0,18.9892811,72.8428705,09:30:00-12:00:00,
,,,,Shipments_Data,406.0,19.1641335,72.944849,12:00:00-14:30:00,
,,,,Shipments_Data,407.0,19.0056466,72.828967,09:30:00-12:00:00,
,,,,Shipments_Data,408.0,19.0105081,72.8244067,07:00:00-09:30:00,
,,,,Shipments_Data,409.0,18.9567006,72.8289431,09:30:00-12:00:00,
,,,,Shipments_Data,410.0,19.0826185,72.8962528,09:30:00-12:00:00,
,,,,Shipments_Data,411.0,19.1570375,72.9377903,12:00:00-14:30:00,
,,,,Shipments_Data,413.0,18.9951617,72.8263455,09:30:00-12:00:00,
,,,,Shipments_Data,414.0,18.9532318,72.8375627,09:30:00-12:00:00,
,,,,Shipments_Data,415.0,19.1594712,72.9323178,09:30:00-12:00:00,
,,,,Shipments_Data,416.0,19.1796166,72.9587363,07:00:00-09:30:00,
,,,,Shipments_Data,417.0,19.0708583,72.8295649,09:30:00-12:00:00,
,,,,Shipments_Data,418.0,19.005202,72.820544,09:30:00-12:00:00,
,,,,Shipments_Data,419.0,19.1118086,72.9304713,12:00:00-14:30:00,
,,,,Shipments_Data,420.0,19.1475358,72.9394553,12:00:00-14:30:00,
,,,,Shipments_Data,421.0,19.0903694,72.8627519,09:30:00-12:00:00,
,,,,Shipments_Data,422.0,19.0044603,72.8500248,09:30:00-12:00:00,
,,,,Shipments_Data,423.0,18.9903419,72.8396447,09:30:00-12:00:00,
,,,,Shipments_Data,424.0,18.9532264,72.8235989,07:00:00-09:30:00,
,,,,Shipments_Data,426.0,19.1784492,72.9559267,09:30:00-12:00:00,
,,,,Shipments_Data,427.0,18.9676283,72.8084625,09:30:00-12:00:00,
,,,,Shipments_Data,428.0,19.1655518,72.9361685,12:00:00-14:30:00,
,,,,Shipments_Data,429.0,18.967083,72.816759,09:30:00-12:00:00,
,,,,Shipments_Data,430.0,19.095972,72.9190974,07:00:00-09:30:00,
,,,,Shipments_Data,431.0,18.9891961,72.8433716,09:30:00-12:00:00,
,,,,Shipments_Data,432.0,19.0114345,72.834588,09:30:00-12:00:00,
,,,,Shipments_Data,433.0,19.1418908,72.9314305,12:00:00-14:30:00,
,,,,Shipments_Data,434.0,19.0240466,72.8420038,07:00:00-09:30:00,
,,,,Shipments_Data,435.0,19.1303408,72.937521,09:30:00-12:00:00,
,,,,Shipments_Data,436.0,19.1215084,72.8975717,09:30:00-12:00:00,
,,,,Shipments_Data,437.0,19.168134,72.9423656,07:00:00-09:30:00,
,,,,Shipments_Data,438.0,18.981247,72.842197,09:30:00-12:00:00,
,,,,Shipments_Data,439.0,18.9646274,72.8445401,09:30:00-12:00:00,
,,,,Shipments_Data,440.0,19.025794,72.841401,07:00:00-09:30:00,
,,,,Shipments_Data,441.0,19.1840888,72.9437267,09:30:00-12:00:00,
,,,,Shipments_Data,442.0,19.1220052,72.9149954,09:30:00-12:00:00,
,,,,Shipments_Data,443.0,19.114999,72.8468181,09:30:00-12:00:00,
,,,,Shipments_Data,444.0,19.1037851,72.9273209,12:00:00-14:30:00,
,,,,Shipments_Data,445.0,19.0932519,72.9220638,09:30:00-12:00:00,
,,,,Shipments_Data,446.0,19.1474883,72.9346442,12:00:00-14:30:00,
,,,,Shipments_Data,447.0,19.1080438,72.9138533,09:30:00-12:00:00,
,,,,Shipments_Data,448.0,19.0033216,72.8299785,07:00:00-09:30:00,
,,,,Shipments_Data,449.0,19.0045602,72.8477576,09:30:00-12:00:00,
,,,,Shipments_Data,450.0,19.1720555,72.9562915,09:30:00-12:00:00,
,,,,Shipments_Data,451.0,19.0010958,72.8217986,09:30:00-12:00:00,
,,,,Shipments_Data,452.0,18.9952104,72.8287458,09:30:00-12:00:00,
,,,,Shipments_Data,453.0,19.1114738,72.8977022,09:30:00-12:00:00,
,,,,Shipments_Data,454.0,19.1832026,72.9383054,09:30:00-12:00:00,
,,,,Shipments_Data,455.0,19.0595984,72.8525429,07:00:00-09:30:00,
,,,,Shipments_Data,456.0,19.1269052,72.8489853,09:30:00-12:00:00,
,,,,Shipments_Data,458.0,19.1527802,72.9424147,09:30:00-12:00:00,
,,,,Shipments_Data,459.0,19.096712,72.917498,09:30:00-12:00:00,
,,,,Shipments_Data,460.0,18.9702112,72.8095518,07:00:00-09:30:00,
,,,,Shipments_Data,461.0,19.105354,72.8980047,07:00:00-09:30:00,
,,,,Shipments_Data,462.0,19.1486423,72.9395972,07:00:00-09:30:00,
,,,,Shipments_Data,463.0,19.0376735,72.8464575,09:30:00-12:00:00,
,,,,Shipments_Data,464.0,19.0744426,72.8604874,09:30:00-12:00:00,
,,,,Shipments_Data,465.0,18.9517358,72.8277534,09:30:00-12:00:00,
,,,,Shipments_Data,466.0,18.951005,72.820813,09:30:00-12:00:00,
,,,,Shipments_Data,467.0,19.1189014,72.913112,09:30:00-12:00:00,
,,,,Shipments_Data,468.0,19.0890732,72.902282,09:30:00-12:00:00,
,,,,Shipments_Data,469.0,19.000248,72.844933,09:30:00-12:00:00,
,,,,Shipments_Data,470.0,19.0755078,72.8646328,09:30:00-12:00:00,
,,,,Shipments_Data,471.0,19.0523549,72.8251229,07:00:00-09:30:00,
,,,,Shipments_Data,472.0,19.1527186,72.9472242,12:00:00-14:30:00,
,,,,Shipments_Data,473.0,19.096712,72.917498,09:30:00-12:00:00,
,,,,Shipments_Data,474.0,18.9487642,72.8289157,09:30:00-12:00:00,
,,,,Shipments_Data,475.0,19.1364008,72.9357259,07:00:00-09:30:00,
,,,,Shipments_Data,476.0,19.0921596,72.8830053,07:00:00-09:30:00,
,,,,Shipments_Data,477.0,19.1366448,72.9320748,09:30:00-12:00:00,
,,,,Shipments_Data,478.0,19.0746113,72.8660635,07:00:00-09:30:00,
,,,,Shipments_Data,479.0,18.9952778,72.8339388,09:30:00-12:00:00,
,,,,Shipments_Data,480.0,19.1044384,72.8971581,09:30:00-12:00:00,
,,,,Shipments_Data,481.0,19.0938435,72.9226175,07:00:00-09:30:00,
,,,,Shipments_Data,482.0,19.1866106,72.9458271,09:30:00-12:00:00,
,,,,Shipments_Data,483.0,19.1671985,72.9419035,09:30:00-12:00:00,
,,,,Shipments_Data,484.0,19.1370885,72.9314767,07:00:00-09:30:00,
,,,,Shipments_Data,485.0,19.1796166,72.9587363,09:30:00-12:00:00,
,,,,Shipments_Data,486.0,18.9535391,72.8165328,09:30:00-12:00:00,
,,,,Shipments_Data,487.0,18.9535447,72.8167901,09:30:00-12:00:00,
,,,,Shipments_Data,488.0,18.9512852,72.8226301,09:30:00-12:00:00,
,,,,Shipments_Data,489.0,19.1727319,72.9342681,07:00:00-09:30:00,
,,,,Shipments_Data,490.0,19.0103104,72.8362894,07:00:00-09:30:00,
,,,,Shipments_Data,491.0,18.9984932,72.830685,07:00:00-09:30:00,
,,,,Shipments_Data,492.0,19.0317118,72.8387162,09:30:00-12:00:00,
,,,,Shipments_Data,493.0,19.0799512,72.8694442,09:30:00-12:00:00,
,,,,Shipments_Data,494.0,18.995462,72.8391925,09:30:00-12:00:00,
,,,,Shipments_Data,495.0,19.1863348,72.946847,12:00:00-14:30:00,
,,,,Shipments_Data,496.0,19.051677,72.830899,09:30:00-12:00:00,
,,,,Shipments_Data,497.0,19.1642821,72.9447948,09:30:00-12:00:00,
,,,,Shipments_Data,498.0,19.0969551,72.8892082,07:00:00-09:30:00,
,,,,Shipments_Data,499.0,19.1403643,72.9332897,12:00:00-14:30:00,
,,,,Shipments_Data,500.0,19.003268,72.813478,07:00:00-09:30:00,
,,,,Shipments_Data,501.0,19.0716499,72.8309538,09:30:00-12:00:00,
,,,,Shipments_Data,502.0,19.1666733,72.9547263,09:30:00-12:00:00,
,,,,Shipments_Data,503.0,19.0674027,72.8389002,09:30:00-12:00:00,
,,,,Shipments_Data,504.0,19.174059,72.9660565,09:30:00-12:00:00,
,,,,Shipments_Data,505.0,19.110853,72.8630478,09:30:00-12:00:00,
,,,,Shipments_Data,506.0,19.0346405,72.8426054,09:30:00-12:00:00,
,,,,Shipments_Data,508.0,19.1362843,72.9180193,12:00:00-14:30:00,
,,,,Shipments_Data,509.0,19.1685531,72.9670078,09:30:00-12:00:00,
,,,,Shipments_Data,510.0,19.1701948,72.9543399,07:00:00-09:30:00,
,,,,Shipments_Data,511.0,18.9494227,72.8005068,07:00:00-09:30:00,
,,,,Shipments_Data,512.0,18.9449831,72.8309816,09:30:00-12:00:00,
,,,,Shipments_Data,513.0,18.9587287,72.8135784,07:00:00-09:30:00,
,,,,Shipments_Data,514.0,18.9957138,72.845766,09:30:00-12:00:00,
,,,,Shipments_Data,515.0,19.0292837,72.8378853,09:30:00-12:00:00,
,,,,Shipments_Data,516.0,18.9570948,72.7997731,07:00:00-09:30:00,
,,,,Shipments_Data,517.0,19.0758638,72.8638056,09:30:00-12:00:00,
,,,,Shipments_Data,518.0,18.9973878,72.8145973,09:30:00-12:00:00,
,,,,Shipments_Data,519.0,18.9951882,72.8211985,07:00:00-09:30:00,
,,,,Shipments_Data,520.0,19.0742816,72.8354037,07:00:00-09:30:00,
,,,,Shipments_Data,521.0,19.048284,72.825031,07:00:00-09:30:00,
,,,,Shipments_Data,522.0,19.1233931,72.913112,09:30:00-12:00:00,
,,,,Shipments_Data,523.0,19.0783148,72.856625,09:30:00-12:00:00,
,,,,Shipments_Data,524.0,18.9900119,72.8343976,09:30:00-12:00:00,
,,,,Shipments_Data,525.0,19.0833253,72.8436239,09:30:00-12:00:00,
,,,,Shipments_Data,526.0,19.1087657,72.8485204,07:00:00-09:30:00,
,,,,Shipments_Data,527.0,19.0319814,72.8472092,07:00:00-09:30:00,
,,,,Shipments_Data,528.0,19.1244832,72.928672,12:00:00-14:30:00,
,,,,Shipments_Data,529.0,19.1109729,72.8486006,07:00:00-09:30:00,
,,,,Shipments_Data,530.0,19.0995575,72.9166225,12:00:00-14:30:00,
,,,,Shipments_Data,531.0,19.147019,72.9490607,12:00:00-14:30:00,
,,,,Shipments_Data,532.0,19.1736117,72.964811,09:30:00-12:00:00,
,,,,Shipments_Data,533.0,19.0977732,72.8845933,07:00:00-09:30:00,
,,,,Shipments_Data,534.0,19.0646822,72.8245505,07:00:00-09:30:00,
,,,,Shipments_Data,535.0,19.1055301,72.8986004,07:00:00-09:30:00,
,,,,Shipments_Data,536.0,18.969317,72.8446334,09:30:00-12:00:00,
,,,,Shipments_Data,537.0,19.13069,72.9322149,07:00:00-09:30:00,
,,,,Shipments_Data,538.0,19.1483617,72.9445966,07:00:00-09:30:00,
,,,,Shipments_Data,539.0,18.9498965,72.7948231,09:30:00-12:00:00,
,,,,Shipments_Data,540.0,19.15153,72.9279238,09:30:00-12:00:00,
,,,,Shipments_Data,541.0,19.1870782,72.9451877,09:30:00-12:00:00,
,,,,Shipments_Data,542.0,19.1020767,72.9128351,09:30:00-12:00:00,
,,,,Shipments_Data,543.0,19.0580702,72.825353,09:30:00-12:00:00,
,,,,Shipments_Data,544.0,19.054339,72.8336518,09:30:00-12:00:00,
,,,,Shipments_Data,545.0,19.1027749,72.9286715,07:00:00-09:30:00,
,,,,Shipments_Data,546.0,19.0553145,72.8376229,07:00:00-09:30:00,
,,,,Shipments_Data,547.0,19.1280021,72.8682474,09:30:00-12:00:00,
,,,,Shipments_Data,548.0,19.1756703,72.9558609,09:30:00-12:00:00,
,,,,Shipments_Data,549.0,18.9936021,72.8427505,07:00:00-09:30:00,
,,,,Shipments_Data,550.0,18.9920317,72.838111,07:00:00-09:30:00,
,,,,Shipments_Data,551.0,19.136273,72.869696,09:30:00-12:00:00,
,,,,Shipments_Data,552.0,19.0017749,72.8168869,07:00:00-09:30:00,
,,,,Shipments_Data,553.0,18.9652885,72.8446232,07:00:00-09:30:00,
,,,,Shipments_Data,554.0,19.0116507,72.8483436,09:30:00-12:00:00,
,,,,Shipments_Data,555.0,19.0313742,72.8380064,09:30:00-12:00:00,
,,,,Shipments_Data,557.0,18.9636188,72.8314836,07:00:00-09:30:00,
,,,,Shipments_Data,558.0,19.0153155,72.8306435,09:30:00-12:00:00,
,,,,Shipments_Data,559.0,19.1354782,72.93437,09:30:00-12:00:00,
,,,,Shipments_Data,561.0,19.1069671,72.8621998,09:30:00-12:00:00,
,,,,Shipments_Data,562.0,18.9991818,72.8461472,07:00:00-09:30:00,
,,,,Shipments_Data,563.0,19.1007676,72.9178089,07:00:00-09:30:00,
,,,,Shipments_Data,564.0,19.1078793,72.8972264,07:00:00-09:30:00,
,,,,Shipments_Data,565.0,19.1006879,72.9152346,07:00:00-09:30:00,
,,,,Shipments_Data,566.0,19.1731156,72.964511,12:00:00-14:30:00,
,,,,Shipments_Data,567.0,19.1283006,72.8698711,09:30:00-12:00:00,
,,,,Shipments_Data,568.0,19.1476614,72.9475521,09:30:00-12:00:00,
,,,,Shipments_Data,569.0,18.9520734,72.8263455,07:00:00-09:30:00,
,,,,Shipments_Data,571.0,19.1058685,72.9195512,12:00:00-14:30:00,
,,,,Shipments_Data,572.0,19.1141586,72.8941935,09:30:00-12:00:00,
,,,,Shipments_Data,573.0,19.120103,72.9120507,12:00:00-14:30:00,
,,,,Shipments_Data,574.0,19.1003106,72.8858839,07:00:00-09:30:00,
,,,,Shipments_Data,575.0,19.0168521,72.8259762,09:30:00-12:00:00,
,,,,Shipments_Data,576.0,19.0693362,72.8354495,09:30:00-12:00:00,
,,,,Shipments_Data,577.0,19.1868129,72.9425315,07:00:00-09:30:00,
,,,,Shipments_Data,578.0,19.0231535,72.8544964,09:30:00-12:00:00,
,,,,Shipments_Data,579.0,19.0352309,72.8454409,07:00:00-09:30:00,
,,,,Shipments_Data,580.0,19.115509,72.856889,07:00:00-09:30:00,
,,,,Shipments_Data,581.0,18.9126899,72.822314,07:00:00-09:30:00,
,,,,Shipments_Data,582.0,19.0972088,72.9196599,09:30:00-12:00:00,
,,,,Shipments_Data,584.0,18.9579518,72.8218448,07:00:00-09:30:00,
,,,,Shipments_Data,585.0,18.9255794,72.8305619,07:00:00-09:30:00,
,,,,Shipments_Data,586.0,19.1027526,72.8859562,09:30:00-12:00:00,
,,,,Shipments_Data,587.0,18.9768274,72.812081,09:30:00-12:00:00,
,,,,Shipments_Data,588.0,19.1514333,72.9468504,09:30:00-12:00:00,
,,,,Shipments_Data,589.0,19.1153798,72.9091436,09:30:00-12:00:00,
,,,,Shipments_Data,590.0,19.1736117,72.964811,12:00:00-14:30:00,
,,,,Shipments_Data,591.0,19.1135571,72.9100388,09:30:00-12:00:00,
,,,,Shipments_Data,592.0,19.1168547,72.8893327,07:00:00-09:30:00,
,,,,Shipments_Data,593.0,18.98108,72.8361839,09:30:00-12:00:00,
,,,,Shipments_Data,594.0,19.029888,72.8398841,09:30:00-12:00:00,
,,,,Shipments_Data,595.0,19.004997,72.8484023,09:30:00-12:00:00,
,,,,Shipments_Data,596.0,19.0772922,72.8578503,07:00:00-09:30:00,
,,,,Shipments_Data,597.0,19.104586,72.8496266,07:00:00-09:30:00,
,,,,Shipments_Data,598.0,19.11504,72.9006806,09:30:00-12:00:00,
,,,,Shipments_Data,599.0,19.102119,72.9121637,07:00:00-09:30:00,
,,,,Shipments_Data,600.0,19.1588468,72.936375,09:30:00-12:00:00,
,,,,Shipments_Data,601.0,19.1181063,72.8954924,09:30:00-12:00:00,
,,,,Shipments_Data,602.0,19.0320634,72.8419438,09:30:00-12:00:00,
,,,,Shipments_Data,603.0,19.1661463,72.9557699,12:00:00-14:30:00,
,,,,Shipments_Data,604.0,19.1156889,72.9055645,12:00:00-14:30:00,
,,,,Shipments_Data,605.0,18.9546689,72.8235979,09:30:00-12:00:00,
,,,,Shipments_Data,606.0,19.1155493,72.937586,09:30:00-12:00:00,
,,,,Shipments_Data,607.0,18.954188,72.8320072,07:00:00-09:30:00,
,,,,Shipments_Data,608.0,18.9927208,72.836278,09:30:00-12:00:00,
,,,,Shipments_Data,609.0,19.1455922,72.9305293,09:30:00-12:00:00,
,,,,Shipments_Data,610.0,19.1703744,72.9605779,09:30:00-12:00:00,
,,,,Shipments_Data,611.0,18.9814602,72.8267949,09:30:00-12:00:00,
,,,,Shipments_Data,612.0,19.1052305,72.8972196,09:30:00-12:00:00,
,,,,Shipments_Data,613.0,19.006833,72.8216371,07:00:00-09:30:00,
,,,,Shipments_Data,614.0,19.1115059,72.8532778,09:30:00-12:00:00,
,,,,Shipments_Data,615.0,19.1381425,72.8701429,07:00:00-09:30:00,
,,,,Shipments_Data,616.0,19.1193765,72.8940055,09:30:00-12:00:00,
,,,,Shipments_Data,617.0,19.0406674,72.8401241,09:30:00-12:00:00,
,,,,Shipments_Data,618.0,19.0575589,72.8308117,09:30:00-12:00:00,
,,,,Shipments_Data,619.0,19.1340229,72.9299724,12:00:00-14:30:00,
,,,,Shipments_Data,620.0,19.1255855,72.8618716,09:30:00-12:00:00,
,,,,Shipments_Data,621.0,19.1701843,72.9633138,07:00:00-09:30:00,
,,,,Shipments_Data,622.0,19.1484021,72.9285873,07:00:00-09:30:00,
,,,,Shipments_Data,623.0,19.0520962,72.8306686,07:00:00-09:30:00,
,,,,Shipments_Data,624.0,18.990581,72.8134132,09:30:00-12:00:00,
,,,,Shipments_Data,625.0,18.9457804,72.8273433,07:00:00-09:30:00,
,,,,Shipments_Data,626.0,19.1679318,72.9336231,12:00:00-14:30:00,
,,,,Shipments_Data,627.0,19.0880572,72.9033764,12:00:00-14:30:00,
,,,,Shipments_Data,628.0,19.1287846,72.8631789,07:00:00-09:30:00,
,,,,Shipments_Data,629.0,18.965598,72.8034217,07:00:00-09:30:00,
,,,,Shipments_Data,630.0,19.1664464,72.9391827,07:00:00-09:30:00,
,,,,Shipments_Data,631.0,18.9720352,72.8245773,09:30:00-12:00:00,
,,,,Shipments_Data,632.0,19.140204,72.931212,09:30:00-12:00:00,
,,,,Shipments_Data,633.0,19.1079498,72.8615606,07:00:00-09:30:00,
,,,,Shipments_Data,634.0,19.0222087,72.8421394,07:00:00-09:30:00,
,,,,Shipments_Data,635.0,19.0713519,72.8320835,09:30:00-12:00:00,
,,,,Shipments_Data,636.0,19.1050452,72.8508787,09:30:00-12:00:00,
,,,,Shipments_Data,637.0,19.0658271,72.837428,07:00:00-09:30:00,
,,,,Shipments_Data,638.0,19.1296047,72.8701249,09:30:00-12:00:00,
,,,,Shipments_Data,639.0,19.0783441,72.8713589,09:30:00-12:00:00,
,,,,Shipments_Data,640.0,19.061133,72.846583,07:00:00-09:30:00,
,,,,Shipments_Data,641.0,19.0666156,72.8347672,09:30:00-12:00:00,
,,,,Shipments_Data,642.0,19.1729479,72.9422984,09:30:00-12:00:00,
,,,,Shipments_Data,643.0,19.1535276,72.9373369,09:30:00-12:00:00,
,,,,Shipments_Data,644.0,19.1475358,72.9394553,12:00:00-14:30:00,
,,,,Shipments_Data,645.0,19.0818985,72.8457231,07:00:00-09:30:00,
,,,,Shipments_Data,646.0,19.0634309,72.8591007,12:00:00-14:30:00,
,,,,Shipments_Data,647.0,19.039606,72.8388778,07:00:00-09:30:00,
,,,,Shipments_Data,648.0,18.9719599,72.817066,07:00:00-09:30:00,
,,,,Shipments_Data,649.0,19.1820963,72.9474451,07:00:00-09:30:00,
,,,,Shipments_Data,650.0,18.9725742,72.8426392,09:30:00-12:00:00,
,,,,Shipments_Data,651.0,19.1235158,72.8912849,09:30:00-12:00:00,
,,,,Shipments_Data,652.0,18.9607978,72.838757,07:00:00-09:30:00,
,,,,Shipments_Data,653.0,19.1670609,72.9542453,07:00:00-09:30:00,
,,,,Shipments_Data,654.0,19.1580355,72.93586,09:30:00-12:00:00,
,,,,Shipments_Data,656.0,19.0921596,72.8830053,07:00:00-09:30:00,
,,,,Shipments_Data,657.0,19.1047571,72.8488016,09:30:00-12:00:00,
,,,,Shipments_Data,658.0,19.171536,72.9528553,09:30:00-12:00:00,
,,,,Shipments_Data,659.0,19.0006618,72.8446624,09:30:00-12:00:00,
,,,,Shipments_Data,660.0,19.0921596,72.8830053,07:00:00-09:30:00,
,,,,Shipments_Data,661.0,19.0132882,72.8312344,09:30:00-12:00:00,
,,,,Shipments_Data,662.0,19.045672,72.819322,07:00:00-09:30:00,
,,,,Shipments_Data,663.0,18.9915669,72.8424295,09:30:00-12:00:00,
,,,,Shipments_Data,664.0,18.9734341,72.809582,07:00:00-09:30:00,
,,,,Shipments_Data,665.0,19.0686502,72.8237836,09:30:00-12:00:00,
,,,,Shipments_Data,666.0,19.0693486,72.8304835,09:30:00-12:00:00,
,,,,Shipments_Data,667.0,19.0568934,72.8332085,09:30:00-12:00:00,
,,,,Shipments_Data,668.0,19.0802676,72.850804,09:30:00-12:00:00,
,,,,Shipments_Data,669.0,18.9601467,72.8156591,09:30:00-12:00:00,
,,,,Shipments_Data,670.0,19.1122668,72.9332486,07:00:00-09:30:00,
,,,,Shipments_Data,671.0,19.1058621,72.8972677,07:00:00-09:30:00,
,,,,Shipments_Data,672.0,19.1497939,72.9491063,12:00:00-14:30:00,
,,,,Shipments_Data,673.0,19.1736117,72.964811,09:30:00-12:00:00,
,,,,Shipments_Data,674.0,18.9674913,72.8157283,07:00:00-09:30:00,
,,,,Shipments_Data,675.0,19.1674263,72.9457375,07:00:00-09:30:00,
,,,,Shipments_Data,676.0,19.1000012,72.8476968,09:30:00-12:00:00,
,,,,Shipments_Data,677.0,18.9764724,72.8222798,09:30:00-12:00:00,
,,,,Shipments_Data,678.0,19.1065772,72.897584,07:00:00-09:30:00,
,,,,Shipments_Data,679.0,19.0194427,72.8283229,09:30:00-12:00:00,
,,,,Shipments_Data,680.0,19.0746055,72.8665987,09:30:00-12:00:00,
,,,,Shipments_Data,682.0,18.9939695,72.836639,09:30:00-12:00:00,
,,,,Shipments_Data,683.0,19.1064584,72.8890236,09:30:00-12:00:00,
,,,,Shipments_Data,684.0,19.0670125,72.8516749,12:00:00-14:30:00,
,,,,Shipments_Data,685.0,19.1701716,72.961887,09:30:00-12:00:00,
,,,,Shipments_Data,686.0,19.0749506,72.8354002,09:30:00-12:00:00,
,,,,Shipments_Data,687.0,19.1137967,72.9039149,09:30:00-12:00:00,
,,,,Shipments_Data,688.0,19.1355088,72.9083972,07:00:00-09:30:00,
,,,,Shipments_Data,689.0,19.1168785,72.8951062,07:00:00-09:30:00,
,,,,Shipments_Data,691.0,18.9979103,72.8311198,09:30:00-12:00:00,
,,,,Shipments_Data,692.0,19.051978,72.826421,09:30:00-12:00:00,
,,,,Shipments_Data,693.0,19.0648971,72.8239955,07:00:00-09:30:00,
,,,,Shipments_Data,694.0,18.9921457,72.846563,09:30:00-12:00:00,
,,,,Shipments_Data,695.0,19.1162305,72.9074157,09:30:00-12:00:00,
,,,,Shipments_Data,696.0,18.9748735,72.8125947,09:30:00-12:00:00,
,,,,Shipments_Data,697.0,19.1189401,72.9088225,09:30:00-12:00:00,
,,,,Shipments_Data,698.0,19.1821818,72.9445879,07:00:00-09:30:00,
,,,,Shipments_Data,699.0,19.1004016,72.9182955,09:30:00-12:00:00,
,,,,Shipments_Data,700.0,18.9438315,72.8271302,09:30:00-12:00:00,
,,,,Shipments_Data,701.0,19.0993558,72.9163421,09:30:00-12:00:00,
,,,,Shipments_Data,702.0,19.0390925,72.8419924,09:30:00-12:00:00,
,,,,Shipments_Data,703.0,19.175939,72.9659541,07:00:00-09:30:00,
,,,,Shipments_Data,704.0,19.1032943,72.9264623,07:00:00-09:30:00,
,,,,Shipments_Data,705.0,19.13069,72.9322149,12:00:00-14:30:00,
,,,,Shipments_Data,706.0,19.1094293,72.8896261,09:30:00-12:00:00,
,,,,Shipments_Data,707.0,19.031058,72.8454463,07:00:00-09:30:00,
,,,,Shipments_Data,708.0,19.1040164,72.8992582,07:00:00-09:30:00,
,,,,Shipments_Data,709.0,19.1296111,72.9333539,09:30:00-12:00:00,
,,,,Shipments_Data,710.0,19.1045939,72.8998242,09:30:00-12:00:00,
,,,,Shipments_Data,711.0,19.1870782,72.9451877,09:30:00-12:00:00,
,,,,Shipments_Data,712.0,19.1227626,72.8954282,09:30:00-12:00:00,
,,,,Shipments_Data,713.0,19.0936338,72.8497571,09:30:00-12:00:00,
,,,,Shipments_Data,714.0,19.0095363,72.8255146,09:30:00-12:00:00,
,,,,Shipments_Data,715.0,18.9987815,72.8286704,09:30:00-12:00:00,
,,,,Shipments_Data,716.0,19.0000469,72.8170589,07:00:00-09:30:00,
,,,,Shipments_Data,717.0,19.0600347,72.8332992,09:30:00-12:00:00,
,,,,Shipments_Data,718.0,19.1165999,72.8865755,09:30:00-12:00:00,
,,,,Shipments_Data,719.0,19.1279368,72.8607786,09:30:00-12:00:00,
,,,,Shipments_Data,720.0,19.0317118,72.8387162,09:30:00-12:00:00,
,,,,Shipments_Data,721.0,19.0741238,72.869297,09:30:00-12:00:00,
,,,,Shipments_Data,722.0,19.0975168,72.8836132,09:30:00-12:00:00,
,,,,Shipments_Data,723.0,19.1722245,72.9652864,09:30:00-12:00:00,
,,,,Shipments_Data,724.0,19.1475358,72.9394553,12:00:00-14:30:00,
,,,,Shipments_Data,725.0,19.1650444,72.9632654,09:30:00-12:00:00,
,,,,Shipments_Data,726.0,18.9676876,72.8404124,09:30:00-12:00:00,
,,,,Shipments_Data,727.0,19.1173785,72.9400881,09:30:00-12:00:00,
,,,,Shipments_Data,728.0,18.9653477,72.8145228,09:30:00-12:00:00,
,,,,Shipments_Data,730.0,19.1647947,72.9446475,12:00:00-14:30:00,
,,,,Shipments_Data,731.0,19.1370885,72.9314767,09:30:00-12:00:00,
,,,,Shipments_Data,732.0,19.030338,72.843664,09:30:00-12:00:00,
,,,,Shipments_Data,733.0,19.1570557,72.9506397,09:30:00-12:00:00,
,,,,Shipments_Data,734.0,18.9543648,72.8235799,09:30:00-12:00:00,
,,,,Shipments_Data,735.0,19.1696105,72.958865,09:30:00-12:00:00,
,,,,Shipments_Data,736.0,19.1750292,72.9655309,09:30:00-12:00:00,
,,,,Shipments_Data,737.0,19.1698525,72.9600801,09:30:00-12:00:00,
,,,,Shipments_Data,739.0,19.063199,72.8619789,09:30:00-12:00:00,
,,,,Shipments_Data,740.0,18.95398,72.7970548,09:30:00-12:00:00,
,,,,Shipments_Data,741.0,19.0975416,72.8822514,09:30:00-12:00:00,
,,,,Shipments_Data,742.0,19.1076133,72.8992184,09:30:00-12:00:00,
,,,,Shipments_Data,743.0,19.0453567,72.8379152,09:30:00-12:00:00,
,,,,Shipments_Data,744.0,19.1175445,72.8868515,09:30:00-12:00:00,
,,,,Shipments_Data,745.0,19.1430757,72.9305923,09:30:00-12:00:00,
,,,,Shipments_Data,746.0,19.1684546,72.9643775,07:00:00-09:30:00,
,,,,Shipments_Data,747.0,19.1096435,72.9223052,12:00:00-14:30:00,
,,,,Shipments_Data,748.0,19.0162358,72.8206571,09:30:00-12:00:00,
,,,,Shipments_Data,749.0,19.178868,72.9584198,07:00:00-09:30:00,
,,,,Shipments_Data,750.0,19.069753,72.8391086,09:30:00-12:00:00,
,,,,Shipments_Data,751.0,19.1202729,72.9379362,07:00:00-09:30:00,
,,,,Shipments_Data,752.0,19.0056466,72.828967,09:30:00-12:00:00,
,,,,Shipments_Data,754.0,18.9664679,72.8126351,07:00:00-09:30:00,
,,,,Shipments_Data,755.0,19.0039533,72.8498863,09:30:00-12:00:00,
,,,,Shipments_Data,756.0,19.0590466,72.8301768,09:30:00-12:00:00,
,,,,Shipments_Data,757.0,19.1045939,72.8998242,07:00:00-09:30:00,
,,,,Shipments_Data,758.0,19.0660175,72.8476943,07:00:00-09:30:00,
,,,,Shipments_Data,759.0,19.0594212,72.8305101,07:00:00-09:30:00,
,,,,Shipments_Data,760.0,19.1332308,72.9379736,07:00:00-09:30:00,
,,,,Shipments_Data,761.0,18.9551326,72.8333678,09:30:00-12:00:00,
,,,,Shipments_Data,762.0,18.9549438,72.8223064,07:00:00-09:30:00,
,,,,Shipments_Data,763.0,19.1722176,72.9625984,09:30:00-12:00:00,
,,,,Shipments_Data,764.0,18.970378,72.832441,07:00:00-09:30:00,
,,,,Shipments_Data,765.0,19.1816802,72.9494801,07:00:00-09:30:00,
,,,,Shipments_Data,766.0,19.1197729,72.8501094,09:30:00-12:00:00,
,,,,Shipments_Data,767.0,18.9995537,72.8455417,09:30:00-12:00:00,
,,,,Shipments_Data,768.0,18.9774658,72.8235729,09:30:00-12:00:00,
,,,,Shipments_Data,769.0,18.945013,72.7943477,07:00:00-09:30:00,
,,,,Shipments_Data,770.0,19.1570375,72.9377903,09:30:00-12:00:00,
,,,,Shipments_Data,771.0,18.9554072,72.7969625,07:00:00-09:30:00,
,,,,Shipments_Data,772.0,19.1116454,72.9302668,09:30:00-12:00:00,
,,,,Shipments_Data,773.0,18.916699,72.8291859,09:30:00-12:00:00,
,,,,Shipments_Data,774.0,19.1155599,72.9117697,09:30:00-12:00:00,
,,,,Shipments_Data,775.0,19.0702599,72.8310077,09:30:00-12:00:00,
,,,,Shipments_Data,777.0,19.1046932,72.8496481,09:30:00-12:00:00,
,,,,Shipments_Data,778.0,19.0914739,72.9024063,12:00:00-14:30:00,
,,,,Shipments_Data,779.0,19.077214,72.8497137,07:00:00-09:30:00,
,,,,Shipments_Data,780.0,19.123359,72.9084941,09:30:00-12:00:00,
,,,,Shipments_Data,781.0,19.1072367,72.8966967,09:30:00-12:00:00,
,,,,Shipments_Data,782.0,18.9901964,72.8430551,09:30:00-12:00:00,
,,,,Shipments_Data,783.0,19.0932802,72.9138503,09:30:00-12:00:00,
,,,,Shipments_Data,784.0,19.0614304,72.8314,09:30:00-12:00:00,
,,,,Shipments_Data,785.0,19.1669492,72.9658836,09:30:00-12:00:00,
,,,,Shipments_Data,786.0,19.1284866,72.9273668,09:30:00-12:00:00,
,,,,Shipments_Data,787.0,18.9574452,72.8215554,07:00:00-09:30:00,
,,,,Shipments_Data,788.0,18.988438,72.8384708,07:00:00-09:30:00,
,,,,Shipments_Data,789.0,19.14568941,72.94194059,07:00:00-09:30:00,
,,,,Shipments_Data,790.0,19.1244553,72.8544998,09:30:00-12:00:00,
,,,,Shipments_Data,791.0,19.0396674,72.8458147,09:30:00-12:00:00,
,,,,Shipments_Data,792.0,19.1627653,72.9433114,07:00:00-09:30:00,
,,,,Shipments_Data,793.0,19.0202606,72.8514267,07:00:00-09:30:00,
,,,,Shipments_Data,794.0,19.1123048,72.8864992,09:30:00-12:00:00,
,,,,Shipments_Data,795.0,19.0288393,72.8448552,09:30:00-12:00:00,
,,,,Shipments_Data,796.0,19.1729673,72.9336362,09:30:00-12:00:00,
,,,,Shipments_Data,797.0,19.0162307,72.8380671,09:30:00-12:00:00,
,,,,Shipments_Data,798.0,18.9788098,72.8293996,09:30:00-12:00:00,
,,,,Shipments_Data,799.0,19.1690443,72.9684354,07:00:00-09:30:00,
,,,,Shipments_Data,800.0,19.1582706,72.9331377,09:30:00-12:00:00,
,,,,Shipments_Data,801.0,19.1836777,72.9511392,09:30:00-12:00:00,
,,,,Shipments_Data,802.0,19.0932519,72.9220638,07:00:00-09:30:00,
,,,,Shipments_Data,803.0,18.9842089,72.8200753,09:30:00-12:00:00,
,,,,Shipments_Data,804.0,18.9489322,72.8251684,07:00:00-09:30:00,
,,,,Shipments_Data,805.0,19.1072367,72.8966967,09:30:00-12:00:00,
,,,,Shipments_Data,806.0,19.1746831,72.9504836,12:00:00-14:30:00,
,,,,Shipments_Data,807.0,19.117329,72.887311,09:30:00-12:00:00,
,,,,Shipments_Data,808.0,19.1679571,72.9469459,09:30:00-12:00:00,
,,,,Shipments_Data,809.0,19.149773,72.948952,09:30:00-12:00:00,
,,,,Shipments_Data,810.0,19.1103619,72.927543,09:30:00-12:00:00,
,,,,Shipments_Data,811.0,19.0965263,72.9078749,07:00:00-09:30:00,
,,,,Shipments_Data,812.0,19.1136998,72.9077089,09:30:00-12:00:00,
,,,,Shipments_Data,813.0,19.029888,72.8398841,09:30:00-12:00:00,
,,,,Shipments_Data,814.0,19.1291435,72.8584712,09:30:00-12:00:00,
,,,,Shipments_Data,815.0,19.0150236,72.8453283,09:30:00-12:00:00,
,,,,Shipments_Data,816.0,18.9593718,72.8386932,07:00:00-09:30:00,
,,,,Shipments_Data,817.0,19.1084922,72.8974339,09:30:00-12:00:00,
,,,,Shipments_Data,818.0,19.0515721,72.8346314,09:30:00-12:00:00,
,,,,Shipments_Data,819.0,19.0610128,72.8351068,09:30:00-12:00:00,
,,,,Shipments_Data,820.0,18.938749,72.8245275,07:00:00-09:30:00,
,,,,Shipments_Data,821.0,19.1284866,72.9273668,09:30:00-12:00:00,
,,,,Shipments_Data,822.0,19.1091314,72.8622276,09:30:00-12:00:00,
,,,,Shipments_Data,823.0,19.1731156,72.964511,09:30:00-12:00:00,
,,,,Shipments_Data,824.0,19.0720024,72.8229417,07:00:00-09:30:00,
,,,,Shipments_Data,825.0,19.0912131,72.8838092,09:30:00-12:00:00,
,,,,Shipments_Data,826.0,19.174547,72.968537,07:00:00-09:30:00,
,,,,Shipments_Data,827.0,18.9545952,72.8332679,09:30:00-12:00:00,
,,,,Shipments_Data,828.0,18.9939891,72.8347693,09:30:00-12:00:00,
,,,,Shipments_Data,829.0,19.0045997,72.8493739,09:30:00-12:00:00,
,,,,Shipments_Data,830.0,19.0620149,72.8285843,09:30:00-12:00:00,
,,,,Shipments_Data,831.0,19.1077173,72.8989454,09:30:00-12:00:00,
,,,,Shipments_Data,833.0,19.0188616,72.84804,09:30:00-12:00:00,
,,,,Shipments_Data,834.0,19.1754336,72.9583276,09:30:00-12:00:00,
,,,,Shipments_Data,835.0,19.0183641,72.8412504,09:30:00-12:00:00,
,,,,Shipments_Data,836.0,18.95971,72.8331558,09:30:00-12:00:00,
,,,,Shipments_Data,837.0,19.0695673,72.8317691,07:00:00-09:30:00,
,,,,Shipments_Data,838.0,19.1408578,72.9333223,09:30:00-12:00:00,
,,,,Shipments_Data,840.0,19.1340229,72.9299724,07:00:00-09:30:00,
,,,,Shipments_Data,841.0,19.1827834,72.9489826,12:00:00-14:30:00,
,,,,Shipments_Data,842.0,19.1121104,72.8983546,09:30:00-12:00:00,
,,,,Shipments_Data,843.0,19.0454553,72.8206446,07:00:00-09:30:00,
,,,,Shipments_Data,844.0,18.9109604,72.8066572,09:30:00-12:00:00,
,,,,Shipments_Data,845.0,19.1465941,72.9360397,09:30:00-12:00:00,
,,,,Shipments_Data,846.0,19.0605737,72.8504402,07:00:00-09:30:00,
,,,,Shipments_Data,847.0,18.9921457,72.846563,07:00:00-09:30:00,
,,,,Shipments_Data,848.0,19.1623738,72.9471062,09:30:00-12:00:00,
,,,,Shipments_Data,849.0,19.110167,72.921258,12:00:00-14:30:00,
,,,,Shipments_Data,850.0,19.1736694,72.9346624,12:00:00-14:30:00,
,,,,Shipments_Data,851.0,19.1663651,72.9448417,07:00:00-09:30:00,
,,,,Shipments_Data,852.0,19.1784492,72.9559267,07:00:00-09:30:00,
,,,,Shipments_Data,853.0,19.1827834,72.9489826,07:00:00-09:30:00,
,,,,Shipments_Data,854.0,18.972766,72.8258711,09:30:00-12:00:00,
,,,,Shipments_Data,855.0,19.1028809,72.8936234,07:00:00-09:30:00,
,,,,Shipments_Data,856.0,19.0940628,72.8437777,09:30:00-12:00:00,
,,,,Shipments_Data,857.0,19.0392767,72.8445072,09:30:00-12:00:00,
,,,,Shipments_Data,858.0,19.156782,72.9508234,07:00:00-09:30:00,
,,,,Shipments_Data,859.0,19.085376,72.893246,12:00:00-14:30:00,
,,,,Shipments_Data,861.0,19.1599486,72.9308636,12:00:00-14:30:00,
,,,,Shipments_Data,862.0,19.0989452,72.8925055,09:30:00-12:00:00,
,,,,Shipments_Data,863.0,18.954569,72.8186682,09:30:00-12:00:00,
,,,,Shipments_Data,864.0,19.1650386,72.9432983,09:30:00-12:00:00,
,,,,Shipments_Data,865.0,19.0482325,72.8262301,07:00:00-09:30:00,
,,,,Shipments_Data,866.0,18.9553223,72.8166054,09:30:00-12:00:00,
,,,,Shipments_Data,867.0,18.9560111,72.8306261,07:00:00-09:30:00,
,,,,Shipments_Data,868.0,19.124745,72.8495632,09:30:00-12:00:00,
,,,,Shipments_Data,869.0,19.1041262,72.858425,07:00:00-09:30:00,
,,,,Shipments_Data,870.0,18.9623882,72.8178817,09:30:00-12:00:00,
,,,,Shipments_Data,871.0,19.1298648,72.9384207,07:00:00-09:30:00,
,,,,Shipments_Data,872.0,19.1533663,72.942504,09:30:00-12:00:00,
,,,,Shipments_Data,873.0,18.955161,72.8255776,09:30:00-12:00:00,
,,,,Shipments_Data,874.0,19.0125405,72.8292536,09:30:00-12:00:00,
,,,,Shipments_Data,875.0,19.1420145,72.9303693,12:00:00-14:30:00,
,,,,Shipments_Data,876.0,19.144954,72.9376594,09:30:00-12:00:00,
,,,,Shipments_Data,877.0,19.1069872,72.9025969,09:30:00-12:00:00,
,,,,Shipments_Data,878.0,19.1604057,72.9445323,09:30:00-12:00:00,
,,,,Shipments_Data,879.0,19.1810629,72.9477507,09:30:00-12:00:00,
,,,,Shipments_Data,880.0,19.1661467,72.9392489,09:30:00-12:00:00,
,,,,Shipments_Data,881.0,19.0464282,72.8413406,07:00:00-09:30:00,
,,,,Shipments_Data,882.0,19.0806663,72.8924155,09:30:00-12:00:00,
,,,,Shipments_Data,883.0,19.0719625,72.8347505,07:00:00-09:30:00,
,,,,Shipments_Data,884.0,19.1834749,72.9380977,12:00:00-14:30:00,
,,,,Shipments_Data,885.0,19.0792694,72.8529787,07:00:00-09:30:00,
,,,,Shipments_Data,886.0,19.0859585,72.8947295,07:00:00-09:30:00,
,,,,Shipments_Data,887.0,19.1059471,72.8992222,07:00:00-09:30:00,
,,,,Shipments_Data,888.0,19.1374256,72.8679812,09:30:00-12:00:00,
,,,,Shipments_Data,889.0,19.1003381,72.9108229,09:30:00-12:00:00,
,,,,Shipments_Data,890.0,19.1084521,72.8892082,09:30:00-12:00:00,
,,,,Shipments_Data,891.0,19.1866106,72.9458271,09:30:00-12:00:00,
,,,,Shipments_Data,892.0,19.0773261,72.8671465,07:00:00-09:30:00,
,,,,Shipments_Data,893.0,18.9694991,72.8251494,09:30:00-12:00:00,
,,,,Shipments_Data,894.0,18.9699653,72.8036137,09:30:00-12:00:00,
,,,,Shipments_Data,895.0,18.9751127,72.8251711,07:00:00-09:30:00,
,,,,Shipments_Data,896.0,19.0988126,72.9181878,07:00:00-09:30:00,
,,,,Shipments_Data,897.0,19.1415426,72.9393435,07:00:00-09:30:00,
,,,,Shipments_Data,898.0,19.095975,72.848637,07:00:00-09:30:00,
,,,,Shipments_Data,899.0,19.1360651,72.9300465,09:30:00-12:00:00,
,,,,Shipments_Data,900.0,18.9768172,72.8341798,09:30:00-12:00:00,
,,,,Shipments_Data,901.0,19.1298029,72.9353985,07:00:00-09:30:00,
,,,,Shipments_Data,902.0,19.0299251,72.8376315,09:30:00-12:00:00,
,,,,Shipments_Data,903.0,19.0559517,72.8282792,09:30:00-12:00:00,
,,,,Shipments_Data,904.0,18.9625483,72.8154283,09:30:00-12:00:00,
,,,,Shipments_Data,905.0,19.1637145,72.9475455,07:00:00-09:30:00,
,,,,Shipments_Data,906.0,18.9543648,72.8235799,07:00:00-09:30:00,
,,,,Shipments_Data,907.0,19.1256893,72.9199622,09:30:00-12:00:00,
,,,,Shipments_Data,908.0,19.0134196,72.8307076,09:30:00-12:00:00,
,,,,Shipments_Data,909.0,18.9764428,72.8407112,07:00:00-09:30:00,
,,,,Shipments_Data,910.0,19.0035857,72.8296905,09:30:00-12:00:00,
,,,,Shipments_Data,911.0,19.1696676,72.9619926,09:30:00-12:00:00,
,,,,Shipments_Data,912.0,19.1080173,72.9285956,12:00:00-14:30:00,
,,,,Shipments_Data,913.0,19.1005739,72.8906619,09:30:00-12:00:00,
,,,,Shipments_Data,914.0,19.0745995,72.8630713,09:30:00-12:00:00,
,,,,Shipments_Data,915.0,19.0043331,72.8236682,07:00:00-09:30:00,
,,,,Shipments_Data,916.0,18.998477,72.84309,07:00:00-09:30:00,
,,,,Shipments_Data,917.0,19.1366448,72.9320748,07:00:00-09:30:00,
,,,,Shipments_Data,918.0,19.0819411,72.8503395,09:30:00-12:00:00,
,,,,Shipments_Data,919.0,19.0908063,72.9076669,09:30:00-12:00:00,
,,,,Shipments_Data,920.0,19.0733238,72.8622097,09:30:00-12:00:00,
,,,,Shipments_Data,921.0,19.1808453,72.9469255,09:30:00-12:00:00,
,,,,Shipments_Data,922.0,19.1122668,72.9332486,07:00:00-09:30:00,
,,,,Shipments_Data,923.0,19.1298489,72.9384899,12:00:00-14:30:00,
,,,,Shipments_Data,924.0,19.1323238,72.9347526,09:30:00-12:00:00,
,,,,Shipments_Data,925.0,18.991866,72.846596,07:00:00-09:30:00,
,,,,Shipments_Data,926.0,19.1660922,72.935255,09:30:00-12:00:00,
,,,,Shipments_Data,928.0,18.9950685,72.8392932,09:30:00-12:00:00,
,,,,Shipments_Data,929.0,19.1584893,72.9473908,07:00:00-09:30:00,
,,,,Shipments_Data,930.0,19.1163523,72.9134638,09:30:00-12:00:00,
,,,,Shipments_Data,931.0,19.0964137,72.8491605,07:00:00-09:30:00,
,,,,Shipments_Data,932.0,19.0600437,72.8366508,07:00:00-09:30:00,
,,,,Shipments_Data,933.0,19.1296111,72.9333539,09:30:00-12:00:00,
,,,,Shipments_Data,934.0,19.1826625,72.9543591,09:30:00-12:00:00,
,,,,Shipments_Data,935.0,19.0733529,72.8622789,09:30:00-12:00:00,
,,,,Shipments_Data,936.0,19.1035113,72.8893661,09:30:00-12:00:00,
,,,,Shipments_Data,937.0,19.1435013,72.9307938,07:00:00-09:30:00,
,,,,Shipments_Data,938.0,19.0616539,72.8306911,09:30:00-12:00:00,
,,,,Shipments_Data,939.0,19.1717392,72.9621354,12:00:00-14:30:00,
,,,,Shipments_Data,940.0,19.0064016,72.8246486,09:30:00-12:00:00,
,,,,Shipments_Data,941.0,18.9847203,72.8372542,07:00:00-09:30:00,
,,,,Shipments_Data,942.0,19.0929272,72.8653768,07:00:00-09:30:00,
,,,,Shipments_Data,943.0,18.9912356,72.8342292,09:30:00-12:00:00,
,,,,Shipments_Data,944.0,19.1630907,72.9337357,09:30:00-12:00:00,
,,,,Shipments_Data,945.0,18.9912356,72.8342292,09:30:00-12:00:00,
,,,,Shipments_Data,946.0,19.1309143,72.9360494,09:30:00-12:00:00,
,,,,Shipments_Data,947.0,19.162058,72.9492955,12:00:00-14:30:00,
,,,,Shipments_Data,948.0,19.1757812,72.9476441,09:30:00-12:00:00,
,,,,Shipments_Data,949.0,18.9601928,72.8232296,09:30:00-12:00:00,
,,,,Shipments_Data,950.0,18.948274,72.7948228,07:00:00-09:30:00,
,,,,Shipments_Data,951.0,19.1597282,72.9443825,09:30:00-12:00:00,
,,,,Shipments_Data,952.0,19.1077153,72.8986952,09:30:00-12:00:00,
,,,,Shipments_Data,953.0,18.997107,72.8259521,07:00:00-09:30:00,
,,,,Shipments_Data,954.0,19.0643986,72.8439321,07:00:00-09:30:00,
,,,,Shipments_Data,955.0,19.0432576,72.8426463,09:30:00-12:00:00,
,,,,Shipments_Data,956.0,19.0598,72.8386,09:30:00-12:00:00,
,,,,Shipments_Data,957.0,19.1045341,72.8451631,07:00:00-09:30:00,
,,,,Shipments_Data,958.0,19.081463,72.8507884,09:30:00-12:00:00,
,,,,Shipments_Data,959.0,19.0097951,72.8348389,07:00:00-09:30:00,
,,,,Shipments_Data,960.0,19.1347564,72.9050828,07:00:00-09:30:00,
,,,,Shipments_Data,961.0,19.0135897,72.8424627,07:00:00-09:30:00,
,,,,Shipments_Data,962.0,19.1037851,72.9273209,07:00:00-09:30:00,
,,,,Shipments_Data,963.0,19.1236584,72.9210948,09:30:00-12:00:00,
,,,,Shipments_Data,964.0,18.9793792,72.8209248,07:00:00-09:30:00,
,,,,Shipments_Data,965.0,19.0230725,72.8418088,07:00:00-09:30:00,
,,,,Shipments_Data,966.0,19.1683209,72.968359,09:30:00-12:00:00,
,,,,Shipments_Data,967.0,19.1046967,72.8512828,07:00:00-09:30:00,
,,,,Shipments_Data,968.0,19.1356283,72.8993271,12:00:00-14:30:00,
,,,,Shipments_Data,969.0,19.0694164,72.8294613,07:00:00-09:30:00,
,,,,Shipments_Data,970.0,19.0231102,72.8369976,07:00:00-09:30:00,
,,,,Shipments_Data,971.0,19.0045618,72.8454389,09:30:00-12:00:00,
,,,,Shipments_Data,972.0,19.178868,72.9584198,07:00:00-09:30:00,
,,,,Shipments_Data,973.0,19.0593368,72.8238067,07:00:00-09:30:00,
,,,,Shipments_Data,974.0,19.0656287,72.8633289,09:30:00-12:00:00,
,,,,Shipments_Data,975.0,19.0317118,72.8387162,09:30:00-12:00:00,
,,,,Shipments_Data,976.0,19.1360651,72.9300465,12:00:00-14:30:00,
,,,,Shipments_Data,977.0,19.1232581,72.8934382,07:00:00-09:30:00,
,,,,Shipments_Data,978.0,19.119979,72.893853,09:30:00-12:00:00,
,,,,Shipments_Data,979.0,19.1726376,72.9415351,09:30:00-12:00:00,
,,,,Shipments_Data,980.0,19.0725631,72.8443548,09:30:00-12:00:00,
,,,,Shipments_Data,981.0,19.0031932,72.8192367,09:30:00-12:00:00,
,,,,Shipments_Data,982.0,19.0932519,72.9220638,07:00:00-09:30:00,
,,,,Shipments_Data,983.0,19.1128735,72.8994046,07:00:00-09:30:00,
,,,,Shipments_Data,984.0,19.1193765,72.8940055,09:30:00-12:00:00,
,,,,Shipments_Data,986.0,19.1431863,72.9253881,12:00:00-14:30:00,
,,,,Shipments_Data,987.0,18.9909106,72.8368595,07:00:00-09:30:00,
,,,,Shipments_Data,988.0,19.0732029,72.8323491,09:30:00-12:00:00,
,,,,Shipments_Data,989.0,19.1682428,72.9484037,07:00:00-09:30:00,
,,,,Shipments_Data,990.0,19.0942769,72.8480502,09:30:00-12:00:00,
,,,,Shipments_Data,991.0,19.1174825,72.8497631,07:00:00-09:30:00,
,,,,Shipments_Data,992.0,19.1046967,72.8512828,07:00:00-09:30:00,
,,,,Shipments_Data,993.0,18.9995058,72.8382777,07:00:00-09:30:00,
,,,,Shipments_Data,994.0,18.9964554,72.8172978,09:30:00-12:00:00,
,,,,Shipments_Data,996.0,18.9654597,72.8399394,09:30:00-12:00:00,
,,,,Shipments_Data,997.0,18.9972515,72.8201991,09:30:00-12:00:00,
,,,,Shipments_Data,998.0,19.1530382,72.9423738,09:30:00-12:00:00,
,,,,Shipments_Data,999.0,19.098026,72.8847773,09:30:00-12:00:00,
,,,,Shipments_Data,1000.0,19.1121325,72.9345219,07:00:00-09:30:00,
,,,,Shipments_Data,1001.0,19.0464156,72.8401389,09:30:00-12:00:00,
,,,,Shipments_Data,1002.0,18.9340553,72.8251844,09:30:00-12:00:00,
,,,,Shipments_Data,1003.0,19.1084211,72.9227196,07:00:00-09:30:00,
,,,,Shipments_Data,1004.0,18.9526887,72.8213137,07:00:00-09:30:00,
,,,,Shipments_Data,1005.0,19.0775581,72.8498632,07:00:00-09:30:00,
,,,,Shipments_Data,1006.0,19.0594362,72.8640495,07:00:00-09:30:00,
,,,,Shipments_Data,1007.0,19.0743589,72.8633193,07:00:00-09:30:00,
,,,,Shipments_Data,1008.0,19.014602,72.8287458,09:30:00-12:00:00,
,,,,Shipments_Data,1009.0,19.0181355,72.8257713,09:30:00-12:00:00,
,,,,Shipments_Data,1010.0,19.0019869,72.8315616,07:00:00-09:30:00,
,,,,Shipments_Data,1011.0,19.1137967,72.9039149,09:30:00-12:00:00,
,,,,Shipments_Data,1012.0,19.1486321,72.9378273,12:00:00-14:30:00,
,,,,Shipments_Data,1013.0,19.1583425,72.9374767,07:00:00-09:30:00,
,,,,Shipments_Data,1014.0,19.060463,72.832554,07:00:00-09:30:00,
,,,,Shipments_Data,1015.0,19.0660434,72.8331524,09:30:00-12:00:00,
,,,,Shipments_Data,1016.0,19.14568941,72.94194059,12:00:00-14:30:00,
,,,,Shipments_Data,1017.0,19.1712381,72.9323828,09:30:00-12:00:00,
,,,,Shipments_Data,1018.0,19.1702851,72.9366443,07:00:00-09:30:00,
,,,,Shipments_Data,1019.0,18.994614,72.8227235,07:00:00-09:30:00,
,,,,Shipments_Data,1020.0,19.1289496,72.930686,07:00:00-09:30:00,
,,,,Shipments_Data,1022.0,19.0716145,72.8363212,09:30:00-12:00:00,
,,,,Shipments_Data,1023.0,19.113855,72.9386029,09:30:00-12:00:00,
,,,,Shipments_Data,1024.0,19.1183255,72.9022482,09:30:00-12:00:00,
,,,,Shipments_Data,1025.0,19.1156661,72.9016387,07:00:00-09:30:00,
,,,,Shipments_Data,1026.0,19.0784464,72.8566557,07:00:00-09:30:00,
,,,,Shipments_Data,1027.0,19.1604057,72.9445323,07:00:00-09:30:00,
,,,,Shipments_Data,1028.0,19.0957084,72.8479741,09:30:00-12:00:00,
,,,,Shipments_Data,1029.0,19.005184,72.825239,09:30:00-12:00:00,
,,,,Shipments_Data,1030.0,19.1253636,72.8529831,09:30:00-12:00:00,
,,,,Shipments_Data,1031.0,19.1530277,72.9436135,07:00:00-09:30:00,
,,,,Shipments_Data,1032.0,19.0703112,72.8370298,07:00:00-09:30:00,
,,,,Shipments_Data,1033.0,19.0154987,72.8237836,09:30:00-12:00:00,
,,,,Shipments_Data,1034.0,18.9879091,72.8386872,09:30:00-12:00:00,
,,,,Shipments_Data,1035.0,19.0984015,72.8878393,09:30:00-12:00:00,
,,,,Shipments_Data,1036.0,18.95265,72.8035,07:00:00-09:30:00,
,,,,Shipments_Data,1037.0,19.18464,72.9514685,07:00:00-09:30:00,
,,,,Shipments_Data,1038.0,19.1340229,72.9299724,09:30:00-12:00:00,
,,,,Shipments_Data,1039.0,19.1187255,72.9120798,09:30:00-12:00:00,
,,,,Shipments_Data,1040.0,19.0962523,72.8489824,07:00:00-09:30:00,
,,,,Shipments_Data,1041.0,19.1699328,72.9361866,09:30:00-12:00:00,
,,,,Shipments_Data,1042.0,19.1210596,72.8980351,09:30:00-12:00:00,
,,,,Shipments_Data,1043.0,18.9915086,72.8353218,07:00:00-09:30:00,
,,,,Shipments_Data,1044.0,19.1171335,72.9128232,09:30:00-12:00:00,
,,,,Shipments_Data,1045.0,19.1284957,72.8645942,07:00:00-09:30:00,
,,,,Shipments_Data,1046.0,18.9550752,72.8064495,07:00:00-09:30:00,
,,,,Shipments_Data,1047.0,19.1687962,72.9628185,09:30:00-12:00:00,
,,,,Shipments_Data,1048.0,19.1269052,72.8489853,09:30:00-12:00:00,
,,,,Shipments_Data,1049.0,19.1003801,72.8861217,09:30:00-12:00:00,
,,,,Shipments_Data,1050.0,19.1190762,72.9173111,09:30:00-12:00:00,
,,,,Shipments_Data,1051.0,19.0295431,72.84451,07:00:00-09:30:00,
,,,,Shipments_Data,1052.0,19.1343671,72.9370751,12:00:00-14:30:00,
,,,,Shipments_Data,1053.0,19.1839638,72.9380479,09:30:00-12:00:00,
,,,,Shipments_Data,1054.0,19.0799512,72.8694442,07:00:00-09:30:00,
,,,,Shipments_Data,1055.0,19.1232581,72.8934382,09:30:00-12:00:00,
,,,,Shipments_Data,1056.0,19.1497939,72.9491063,09:30:00-12:00:00,
,,,,Shipments_Data,1057.0,19.096712,72.917498,12:00:00-14:30:00,
,,,,Shipments_Data,1058.0,19.1174334,72.9044094,07:00:00-09:30:00,
,,,,Shipments_Data,1059.0,19.102729,72.852028,07:00:00-09:30:00,
,,,,Shipments_Data,1060.0,19.1366448,72.9320748,07:00:00-09:30:00,
,,,,Shipments_Data,1061.0,19.1013148,72.9115554,09:30:00-12:00:00,
,,,,Shipments_Data,1062.0,19.1156661,72.9016387,07:00:00-09:30:00,
,,,,Shipments_Data,1063.0,19.075043,72.8363622,07:00:00-09:30:00,
,,,,Shipments_Data,1064.0,18.9725889,72.8141564,09:30:00-12:00:00,
,,,,Shipments_Data,1065.0,19.0702599,72.8310077,09:30:00-12:00:00,
,,,,Shipments_Data,1066.0,19.0188616,72.84804,07:00:00-09:30:00,
,,,,Shipments_Data,1067.0,18.9649722,72.846263,09:30:00-12:00:00,
,,,,Shipments_Data,1068.0,19.1498808,72.9311645,09:30:00-12:00:00,
,,,,Shipments_Data,1069.0,19.0025613,72.8488332,09:30:00-12:00:00,
,,,,Shipments_Data,1070.0,18.9811034,72.8304999,07:00:00-09:30:00,
,,,,Shipments_Data,1071.0,19.1825918,72.9434498,09:30:00-12:00:00,
,,,,Shipments_Data,1072.0,19.1000654,72.8477974,07:00:00-09:30:00,
,,,,Shipments_Data,1073.0,19.0654338,72.8449014,12:00:00-14:30:00,
,,,,Shipments_Data,1074.0,18.9659114,72.8168131,09:30:00-12:00:00,
,,,,Shipments_Data,1075.0,19.0180039,72.8374638,07:00:00-09:30:00,
,,,,Shipments_Data,1076.0,19.1109006,72.8976467,09:30:00-12:00:00,
,,,,Shipments_Data,1078.0,18.9879091,72.8386872,09:30:00-12:00:00,
,,,,Shipments_Data,1079.0,18.9505451,72.7962466,09:30:00-12:00:00,
,,,,Shipments_Data,1080.0,19.1572713,72.936562,12:00:00-14:30:00,
,,,,Shipments_Data,1081.0,18.9939891,72.8451779,09:30:00-12:00:00,
,,,,Shipments_Data,1082.0,19.157754,72.9508908,12:00:00-14:30:00,
,,,,Shipments_Data,1083.0,19.0208425,72.8311203,07:00:00-09:30:00,
,,,,Shipments_Data,1084.0,19.1796166,72.9587363,07:00:00-09:30:00,
,,,,Shipments_Data,1085.0,19.1484509,72.9338295,09:30:00-12:00:00,
,,,,Shipments_Data,1086.0,19.0041303,72.8470246,07:00:00-09:30:00,
,,,,Shipments_Data,1087.0,18.9639415,72.8158044,09:30:00-12:00:00,
,,,,Shipments_Data,1088.0,19.1172873,72.889785,09:30:00-12:00:00,
,,,,Shipments_Data,1089.0,18.9655191,72.8165899,07:00:00-09:30:00,
,,,,Shipments_Data,1090.0,19.119777,72.9087013,07:00:00-09:30:00,
,,,,Shipments_Data,1091.0,18.9696277,72.8446014,09:30:00-12:00:00,
,,,,Shipments_Data,1092.0,19.0043331,72.8236682,09:30:00-12:00:00,
,,,,Shipments_Data,1093.0,19.1026658,72.8864615,07:00:00-09:30:00,
,,,,Shipments_Data,1094.0,18.9751127,72.8251711,07:00:00-09:30:00,
,,,,Shipments_Data,1096.0,19.121882,72.8658134,09:30:00-12:00:00,
,,,,Shipments_Data,1097.0,18.9467598,72.8246674,07:00:00-09:30:00,
,,,,Shipments_Data,1098.0,18.9682369,72.8159971,09:30:00-12:00:00,
,,,,Shipments_Data,1099.0,19.1214855,72.9185569,12:00:00-14:30:00,
,,,,Shipments_Data,1100.0,19.1779811,72.9589748,09:30:00-12:00:00,
,,,,Shipments_Data,1101.0,19.1156661,72.9016387,09:30:00-12:00:00,
,,,,Shipments_Data,1102.0,19.0084994,72.8222021,09:30:00-12:00:00,
,,,,Shipments_Data,1103.0,19.1574598,72.9385468,09:30:00-12:00:00,
,,,,Shipments_Data,1104.0,19.1737737,72.9614959,09:30:00-12:00:00,
,,,,Shipments_Data,1105.0,19.0194161,72.840631,09:30:00-12:00:00,
,,,,Shipments_Data,1106.0,19.0397183,72.8410838,09:30:00-12:00:00,
,,,,Shipments_Data,1107.0,19.1497939,72.9491063,07:00:00-09:30:00,
,,,,Shipments_Data,1108.0,18.9909339,72.8374293,09:30:00-12:00:00,
,,,,Shipments_Data,1109.0,19.1219281,72.9293752,09:30:00-12:00:00,
,,,,Shipments_Data,1110.0,19.1060089,72.899926,07:00:00-09:30:00,
,,,,Shipments_Data,1111.0,19.0976212,72.8528403,09:30:00-12:00:00,
,,,,Shipments_Data,1112.0,19.1661463,72.9557699,07:00:00-09:30:00,
,,,,Shipments_Data,1113.0,19.0574544,72.833645,07:00:00-09:30:00,
,,,,Shipments_Data,1115.0,19.0999776,72.9142089,09:30:00-12:00:00,
,,,,Shipments_Data,1116.0,19.1007434,72.8477873,09:30:00-12:00:00,
,,,,Shipments_Data,1117.0,19.1470121,72.9333087,12:00:00-14:30:00,
,,,,Shipments_Data,1118.0,19.003268,72.813478,07:00:00-09:30:00,
,,,,Shipments_Data,1119.0,19.1221808,72.8688814,09:30:00-12:00:00,
,,,,Shipments_Data,1120.0,19.0025613,72.8488332,07:00:00-09:30:00,
,,,,Shipments_Data,1121.0,19.1474883,72.9346442,09:30:00-12:00:00,
,,,,Shipments_Data,1122.0,19.1486423,72.9395972,07:00:00-09:30:00,
,,,,Shipments_Data,1123.0,19.0794078,72.8529388,07:00:00-09:30:00,
,,,,Shipments_Data,1124.0,19.0595448,72.8337542,09:30:00-12:00:00,
,,,,Shipments_Data,1126.0,19.1422902,72.9276008,09:30:00-12:00:00,
,,,,Shipments_Data,1127.0,19.1799645,72.941376,09:30:00-12:00:00,
,,,,Shipments_Data,1128.0,19.0912154,72.9097392,09:30:00-12:00:00,
,,,,Shipments_Data,1129.0,19.0978392,72.9089415,07:00:00-09:30:00,
,,,,Shipments_Data,1130.0,19.1225913,72.8596359,07:00:00-09:30:00,
,,,,Shipments_Data,1131.0,19.183137,72.954244,12:00:00-14:30:00,
,,,,Shipments_Data,1132.0,18.9951538,72.8423166,09:30:00-12:00:00,
,,,,Shipments_Data,1133.0,19.0633392,72.8569461,09:30:00-12:00:00,
,,,,Shipments_Data,1134.0,19.0962184,72.9124746,09:30:00-12:00:00,
,,,,Shipments_Data,1135.0,19.1078833,72.9335299,09:30:00-12:00:00,
,,,,Shipments_Data,1136.0,19.1247975,72.8930445,09:30:00-12:00:00,
,,,,Shipments_Data,1137.0,18.9568662,72.8049626,07:00:00-09:30:00,
,,,,Shipments_Data,1138.0,18.974832,72.813271,07:00:00-09:30:00,
,,,,Shipments_Data,1139.0,18.9839617,72.8367054,09:30:00-12:00:00,
,,,,Shipments_Data,1140.0,19.1801978,72.9482712,09:30:00-12:00:00,
,,,,Shipments_Data,1141.0,18.9593331,72.8012521,09:30:00-12:00:00,
,,,,Shipments_Data,1142.0,19.1088874,72.8628194,07:00:00-09:30:00,
,,,,Shipments_Data,1143.0,19.1507387,72.9373134,09:30:00-12:00:00,
,,,,Shipments_Data,1144.0,19.173146,72.9660462,07:00:00-09:30:00,
,,,,Shipments_Data,1145.0,19.1171156,72.9011071,09:30:00-12:00:00,
,,,,Shipments_Data,1147.0,18.9455577,72.8345389,07:00:00-09:30:00,
,,,,Shipments_Data,1148.0,19.0688144,72.8277712,09:30:00-12:00:00,
,,,,Shipments_Data,1149.0,19.1053711,72.86706,09:30:00-12:00:00,
,,,,Shipments_Data,1150.0,19.1486423,72.9395972,07:00:00-09:30:00,
,,,,Shipments_Data,1151.0,19.0687265,72.8347004,07:00:00-09:30:00,
,,,,Shipments_Data,1152.0,19.0815955,72.8475075,07:00:00-09:30:00,
,,,,Shipments_Data,1153.0,18.9674479,72.8239546,07:00:00-09:30:00,
,,,,Shipments_Data,1154.0,18.9668993,72.8243054,09:30:00-12:00:00,
,,,,Shipments_Data,1155.0,19.1241002,72.8705634,07:00:00-09:30:00,
,,,,Shipments_Data,1156.0,19.1808453,72.9469255,09:30:00-12:00:00,
,,,,Shipments_Data,1157.0,19.0764259,72.8289777,09:30:00-12:00:00,
,,,,Shipments_Data,1158.0,18.9748668,72.8259385,07:00:00-09:30:00,
,,,,Shipments_Data,1159.0,19.0523616,72.821639,09:30:00-12:00:00,
,,,,Shipments_Data,1160.0,19.1678219,72.9476404,12:00:00-14:30:00,
,,,,Shipments_Data,1161.0,19.1655295,72.9537154,07:00:00-09:30:00,
,,,,Shipments_Data,1162.0,19.1191038,72.894722,09:30:00-12:00:00,
,,,,Shipments_Data,1163.0,18.9933334,72.8311923,09:30:00-12:00:00,
,,,,Shipments_Data,1164.0,19.0753764,72.83134,09:30:00-12:00:00,
,,,,Shipments_Data,1165.0,19.1107252,72.932238,09:30:00-12:00:00,
,,,,Shipments_Data,1166.0,19.0834329,72.8529672,07:00:00-09:30:00,
,,,,Shipments_Data,1167.0,19.1381274,72.8691991,09:30:00-12:00:00,
,,,,Shipments_Data,1168.0,19.0576875,72.8505251,07:00:00-09:30:00,
,,,,Shipments_Data,1169.0,19.0166469,72.8506,07:00:00-09:30:00,
,,,,Shipments_Data,1170.0,19.1166102,72.8895219,07:00:00-09:30:00,
,,,,Shipments_Data,1171.0,19.1177599,72.9133889,12:00:00-14:30:00,
,,,,Shipments_Data,1172.0,19.0702599,72.8310077,09:30:00-12:00:00,
,,,,Shipments_Data,1173.0,19.1085335,72.8500248,09:30:00-12:00:00,
,,,,Shipments_Data,1174.0,18.9364115,72.8364597,07:00:00-09:30:00,
,,,,Shipments_Data,1175.0,18.9531539,72.8002362,09:30:00-12:00:00,
,,,,Shipments_Data,1176.0,19.1136998,72.9077089,12:00:00-14:30:00,
,,,,Shipments_Data,1177.0,19.1741622,72.9646494,12:00:00-14:30:00,
,,,,Shipments_Data,1178.0,18.9676713,72.8287228,09:30:00-12:00:00,
,,,,Shipments_Data,1179.0,19.0653737,72.8377162,07:00:00-09:30:00,
,,,,Shipments_Data,1180.0,19.1095926,72.9263987,12:00:00-14:30:00,
,,,,Shipments_Data,1181.0,18.9561174,72.8239326,09:30:00-12:00:00,
,,,,Shipments_Data,1182.0,19.1646902,72.955284,07:00:00-09:30:00,
,,,,Shipments_Data,1183.0,19.1076133,72.8992184,09:30:00-12:00:00,
,,,,Shipments_Data,1184.0,19.1004287,72.88607,07:00:00-09:30:00,
,,,,Shipments_Data,1185.0,19.1116127,72.8564091,07:00:00-09:30:00,
,,,,Shipments_Data,1186.0,18.9764724,72.8222798,07:00:00-09:30:00,
,,,,Shipments_Data,1187.0,19.1184887,72.8852139,07:00:00-09:30:00,
,,,,Shipments_Data,1188.0,19.0353498,72.8470527,07:00:00-09:30:00,
,,,,Shipments_Data,1189.0,19.1377525,72.9380016,12:00:00-14:30:00,
,,,,Shipments_Data,1190.0,19.1004287,72.88607,09:30:00-12:00:00,
,,,,Shipments_Data,1191.0,18.9979654,72.8185442,09:30:00-12:00:00,
,,,,Shipments_Data,1192.0,19.0077068,72.8157283,07:00:00-09:30:00,
,,,,Shipments_Data,1193.0,19.105732,72.8984379,09:30:00-12:00:00,
,,,,Shipments_Data,1194.0,19.0566107,72.8350005,09:30:00-12:00:00,
,,,,Shipments_Data,1195.0,19.0324876,72.8401418,09:30:00-12:00:00,
,,,,Shipments_Data,1196.0,19.1580355,72.93586,09:30:00-12:00:00,
,,,,Shipments_Data,1197.0,19.1503106,72.9413135,09:30:00-12:00:00,
,,,,Shipments_Data,1198.0,19.1711599,72.9434204,09:30:00-12:00:00,
,,,,Shipments_Data,1199.0,19.1604057,72.9445323,09:30:00-12:00:00,
,,,,Shipments_Data,1200.0,19.0032931,72.8500248,07:00:00-09:30:00,
,,,,Shipments_Data,1201.0,19.0234839,72.8443463,07:00:00-09:30:00,
,,,,Shipments_Data,1202.0,19.1642028,72.9619736,12:00:00-14:30:00,
,,,,Shipments_Data,1203.0,19.0145117,72.8258173,09:30:00-12:00:00,
,,,,Shipments_Data,1204.0,19.0307329,72.8442321,07:00:00-09:30:00,
,,,,Shipments_Data,1205.0,19.0589822,72.8497477,07:00:00-09:30:00,
,,,,Shipments_Data,1206.0,19.0633392,72.8569461,09:30:00-12:00:00,
,,,,Shipments_Data,1207.0,19.1069872,72.9025969,09:30:00-12:00:00,
,,,,Shipments_Data,1208.0,19.0195806,72.8505403,09:30:00-12:00:00,
,,,,Shipments_Data,1209.0,19.1687343,72.9494359,12:00:00-14:30:00,
,,,,Shipments_Data,1210.0,19.1081041,72.8547336,09:30:00-12:00:00,
,,,,Shipments_Data,1211.0,19.0054412,72.845453,07:00:00-09:30:00,
,,,,Shipments_Data,1212.0,19.1647947,72.9446475,09:30:00-12:00:00,
,,,,Shipments_Data,1213.0,19.1155599,72.9117697,12:00:00-14:30:00,
,,,,Shipments_Data,1214.0,19.167717,72.965917,09:30:00-12:00:00,
,,,,Shipments_Data,1215.0,19.0095363,72.8255146,07:00:00-09:30:00,
,,,,Shipments_Data,1216.0,19.0779144,72.8530134,09:30:00-12:00:00,
,,,,Shipments_Data,1217.0,18.952571,72.8236529,07:00:00-09:30:00,
,,,,Shipments_Data,1218.0,19.1078791,72.9209564,12:00:00-14:30:00,
,,,,Shipments_Data,1219.0,19.1654628,72.9364568,09:30:00-12:00:00,
,,,,Shipments_Data,1220.0,19.0642592,72.8340697,09:30:00-12:00:00,
,,,,Shipments_Data,1221.0,19.1112218,72.9304288,07:00:00-09:30:00,
,,,,Shipments_Data,1222.0,19.1077153,72.8986952,07:00:00-09:30:00,
,,,,Shipments_Data,1223.0,19.1672705,72.9462921,07:00:00-09:30:00,
,,,,Shipments_Data,1225.0,19.0339148,72.8401146,09:30:00-12:00:00,
,,,,Shipments_Data,1226.0,19.1708741,72.9471691,07:00:00-09:30:00,
,,,,Shipments_Data,1227.0,19.0193542,72.8420669,07:00:00-09:30:00,
,,,,Shipments_Data,1228.0,19.1158285,72.9011079,07:00:00-09:30:00,
,,,,Shipments_Data,1229.0,19.1675719,72.959367,12:00:00-14:30:00,
,,,,Shipments_Data,1230.0,19.0279193,72.8434804,07:00:00-09:30:00,
,,,,Shipments_Data,1231.0,19.1070993,72.8981147,09:30:00-12:00:00,
,,,,Shipments_Data,1232.0,18.9915086,72.8353218,09:30:00-12:00:00,
,,,,Shipments_Data,1233.0,19.1114867,72.8962251,07:00:00-09:30:00,
,,,,Shipments_Data,1234.0,19.0534541,72.8235528,09:30:00-12:00:00,
,,,,Shipments_Data,1235.0,18.9733444,72.8319508,09:30:00-12:00:00,
,,,,Shipments_Data,1236.0,19.0317118,72.8387162,09:30:00-12:00:00,
,,,,Shipments_Data,1237.0,19.1602177,72.9310315,12:00:00-14:30:00,
,,,,Shipments_Data,1238.0,19.178868,72.9584198,07:00:00-09:30:00,
,,,,Shipments_Data,1239.0,19.0976681,72.9080361,09:30:00-12:00:00,
,,,,Shipments_Data,1240.0,19.1170725,72.9090594,12:00:00-14:30:00,
,,,,Shipments_Data,1241.0,18.9497372,72.8377519,09:30:00-12:00:00,
,,,,Shipments_Data,1242.0,19.1572713,72.936562,07:00:00-09:30:00,
,,,,Shipments_Data,1243.0,18.9530268,72.8222309,09:30:00-12:00:00,
,,,,Shipments_Data,1244.0,18.9964589,72.829006,09:30:00-12:00:00,
,,,,Shipments_Data,1245.0,19.0754457,72.8617196,09:30:00-12:00:00,
,,,,Shipments_Data,1246.0,19.1573179,72.9474897,12:00:00-14:30:00,
,,,,Shipments_Data,1247.0,19.0502394,72.8282111,07:00:00-09:30:00,
,,,,Shipments_Data,1248.0,19.1725223,72.9616907,09:30:00-12:00:00,
,,,,Shipments_Data,1250.0,19.1202729,72.9379362,07:00:00-09:30:00,
,,,,Shipments_Data,1251.0,19.0483316,72.824317,09:30:00-12:00:00,
,,,,Shipments_Data,1252.0,19.0912663,72.8837028,09:30:00-12:00:00,
,,,,Shipments_Data,1253.0,19.0683901,72.8257929,09:30:00-12:00:00,
,,,,Shipments_Data,1254.0,19.109979,72.9222474,09:30:00-12:00:00,
,,,,Shipments_Data,1255.0,19.1018031,72.8903525,07:00:00-09:30:00,
,,,,Shipments_Data,1256.0,19.1826029,72.9414428,12:00:00-14:30:00,
,,,,Shipments_Data,1257.0,19.1683222,72.9631715,09:30:00-12:00:00,
,,,,Shipments_Data,1258.0,19.018465,72.8372248,09:30:00-12:00:00,
,,,,Shipments_Data,1259.0,19.012714,72.8223526,07:00:00-09:30:00,
,,,,Shipments_Data,1260.0,19.105732,72.8984379,09:30:00-12:00:00,
,,,,Shipments_Data,1261.0,18.9955308,72.8426214,07:00:00-09:30:00,
,,,,Shipments_Data,1262.0,19.0160422,72.8360608,09:30:00-12:00:00,
,,,,Shipments_Data,1263.0,19.0800511,72.8529285,07:00:00-09:30:00,
,,,,Shipments_Data,1264.0,18.9948834,72.8347528,07:00:00-09:30:00,
,,,,Store Location,,,72.877911,,19.075887
